wavelength_nm,absorbance,curve_id,extraction_method,quality_score,sample_origin,sample_type,sample_weight_ct,analysis_method
400.0,0.4637298650917188,1,advanced_contour,0.7594216308216375,Kafubu_Zambia,Blue_Green_Emerald,1.03,AI_Enhanced_Extraction
402.0036253159386,0.4640945549802412,1,advanced_contour,0.7594216308216375,Kafubu_Zambia,Blue_Green_Emerald,1.03,AI_Enhanced_Extraction
404.00725063187724,0.4643739656636364,1,advanced_contour,0.7594216308216375,Kafubu_Zambia,Blue_Green_Emerald,1.03,AI_Enhanced_Extraction
406.01087594781586,0.46456809714190445,1,advanced_contour,0.7594216308216375,Kafubu_Zambia,Blue_Green_Emerald,1.03,AI_Enhanced_Extraction
408.0145012637545,0.46467694941504534,1,advanced_contour,0.7594216308216375,Kafubu_Zambia,Blue_Green_Emerald,1.03,AI_Enhanced_Extraction
410.0181265796931,0.4647005224830605,1,advanced_contour,0.7594216308216375,Kafubu_Zambia,Blue_Green_Emerald,1.03,AI_Enhanced_Extraction
412.0217518956317,0.4643658368905612,1,advanced_contour,0.7594216308216375,Kafubu_Zambia,Blue_Green_Emerald,1.03,AI_Enhanced_Extraction
414.0253772115704,0.46408854626895735,1,advanced_contour,0.7594216308216375,Kafubu_Zambia,Blue_Green_Emerald,1.03,AI_Enhanced_Extraction
416.029002527509,0.4639611275640261,1,advanced_contour,0.7594216308216375,Kafubu_Zambia,Blue_Green_Emerald,1.03,AI_Enhanced_Extraction
418.03262784344764,0.46392975663205127,1,advanced_contour,0.7594216308216375,Kafubu_Zambia,Blue_Green_Emerald,1.03,AI_Enhanced_Extraction
420.03625315938626,0.4640223831412702,1,advanced_contour,0.7594216308216375,Kafubu_Zambia,Blue_Green_Emerald,1.03,AI_Enhanced_Extraction
422.0398784753249,0.4640287769784188,1,advanced_contour,0.7594216308216375,Kafubu_Zambia,Blue_Green_Emerald,1.03,AI_Enhanced_Extraction
424.0435037912635,0.4640287769784188,1,advanced_contour,0.7594216308216375,Kafubu_Zambia,Blue_Green_Emerald,1.03,AI_Enhanced_Extraction
426.0471291072021,0.4640287769784188,1,advanced_contour,0.7594216308216375,Kafubu_Zambia,Blue_Green_Emerald,1.03,AI_Enhanced_Extraction
428.05075442314075,0.4640287769784188,1,advanced_contour,0.7594216308216375,Kafubu_Zambia,Blue_Green_Emerald,1.03,AI_Enhanced_Extraction
430.05437973907937,0.4640287769784188,1,advanced_contour,0.7594216308216375,Kafubu_Zambia,Blue_Green_Emerald,1.03,AI_Enhanced_Extraction
432.058005055018,0.4640287769784188,1,advanced_contour,0.7594216308216375,Kafubu_Zambia,Blue_Green_Emerald,1.03,AI_Enhanced_Extraction
434.0616303709566,0.4640287769784188,1,advanced_contour,0.7594216308216375,Kafubu_Zambia,Blue_Green_Emerald,1.03,AI_Enhanced_Extraction
436.0652556868952,0.4640287769784188,1,advanced_contour,0.7594216308216375,Kafubu_Zambia,Blue_Green_Emerald,1.03,AI_Enhanced_Extraction
438.0688810028339,0.4640287769784188,1,advanced_contour,0.7594216308216375,Kafubu_Zambia,Blue_Green_Emerald,1.03,AI_Enhanced_Extraction
440.0725063187725,0.4640287769784188,1,advanced_contour,0.7594216308216375,Kafubu_Zambia,Blue_Green_Emerald,1.03,AI_Enhanced_Extraction
442.07613163471115,0.4640287769784188,1,advanced_contour,0.7594216308216375,Kafubu_Zambia,Blue_Green_Emerald,1.03,AI_Enhanced_Extraction
444.07975695064977,0.4640287769784188,1,advanced_contour,0.7594216308216375,Kafubu_Zambia,Blue_Green_Emerald,1.03,AI_Enhanced_Extraction
446.0833822665884,0.4640287769784188,1,advanced_contour,0.7594216308216375,Kafubu_Zambia,Blue_Green_Emerald,1.03,AI_Enhanced_Extraction
448.087007582527,0.4640287769784188,1,advanced_contour,0.7594216308216375,Kafubu_Zambia,Blue_Green_Emerald,1.03,AI_Enhanced_Extraction
450.0906328984656,0.4640287769784188,1,advanced_contour,0.7594216308216375,Kafubu_Zambia,Blue_Green_Emerald,1.03,AI_Enhanced_Extraction
452.09425821440425,0.4640287769784188,1,advanced_contour,0.7594216308216375,Kafubu_Zambia,Blue_Green_Emerald,1.03,AI_Enhanced_Extraction
454.09788353034287,0.4649336768220462,1,advanced_contour,0.7594216308216375,Kafubu_Zambia,Blue_Green_Emerald,1.03,AI_Enhanced_Extraction
456.1015088462815,0.4664924152949713,1,advanced_contour,0.7594216308216375,Kafubu_Zambia,Blue_Green_Emerald,1.03,AI_Enhanced_Extraction
458.1051341622201,0.4655589790570245,1,advanced_contour,0.7594216308216375,Kafubu_Zambia,Blue_Green_Emerald,1.03,AI_Enhanced_Extraction
460.10875947815873,0.46183879918539095,1,advanced_contour,0.7594216308216375,Kafubu_Zambia,Blue_Green_Emerald,1.03,AI_Enhanced_Extraction
462.11238479409735,0.45593252546296514,1,advanced_contour,0.7594216308216375,Kafubu_Zambia,Blue_Green_Emerald,1.03,AI_Enhanced_Extraction
464.116010110036,0.4482687585213969,1,advanced_contour,0.7594216308216375,Kafubu_Zambia,Blue_Green_Emerald,1.03,AI_Enhanced_Extraction
466.1196354259746,0.43902528469224067,1,advanced_contour,0.7594216308216375,Kafubu_Zambia,Blue_Green_Emerald,1.03,AI_Enhanced_Extraction
468.12326074191327,0.4293481455752074,1,advanced_contour,0.7594216308216375,Kafubu_Zambia,Blue_Green_Emerald,1.03,AI_Enhanced_Extraction
470.1268860578519,0.42038622085606925,1,advanced_contour,0.7594216308216375,Kafubu_Zambia,Blue_Green_Emerald,1.03,AI_Enhanced_Extraction
472.1305113737905,0.4134608452567238,1,advanced_contour,0.7594216308216375,Kafubu_Zambia,Blue_Green_Emerald,1.03,AI_Enhanced_Extraction
474.13413668972913,0.4098933534990685,1,advanced_contour,0.7594216308216375,Kafubu_Zambia,Blue_Green_Emerald,1.03,AI_Enhanced_Extraction
476.13776200566775,0.4088186339014801,1,advanced_contour,0.7594216308216375,Kafubu_Zambia,Blue_Green_Emerald,1.03,AI_Enhanced_Extraction
478.1413873216064,0.4076232359511749,1,advanced_contour,0.7594216308216375,Kafubu_Zambia,Blue_Green_Emerald,1.03,AI_Enhanced_Extraction
480.145012637545,0.40722678942272594,1,advanced_contour,0.7594216308216375,Kafubu_Zambia,Blue_Green_Emerald,1.03,AI_Enhanced_Extraction
482.1486379534836,0.40731044576266584,1,advanced_contour,0.7594216308216375,Kafubu_Zambia,Blue_Green_Emerald,1.03,AI_Enhanced_Extraction
484.15226326942224,0.40663007303860976,1,advanced_contour,0.7594216308216375,Kafubu_Zambia,Blue_Green_Emerald,1.03,AI_Enhanced_Extraction
486.15588858536086,0.4046865845328329,1,advanced_contour,0.7594216308216375,Kafubu_Zambia,Blue_Green_Emerald,1.03,AI_Enhanced_Extraction
488.15951390129953,0.4024918606897058,1,advanced_contour,0.7594216308216375,Kafubu_Zambia,Blue_Green_Emerald,1.03,AI_Enhanced_Extraction
490.16313921723815,0.39980243993055226,1,advanced_contour,0.7594216308216375,Kafubu_Zambia,Blue_Green_Emerald,1.03,AI_Enhanced_Extraction
492.1667645331768,0.3967712555883931,1,advanced_contour,0.7594216308216375,Kafubu_Zambia,Blue_Green_Emerald,1.03,AI_Enhanced_Extraction
494.1703898491154,0.39355039320414875,1,advanced_contour,0.7594216308216375,Kafubu_Zambia,Blue_Green_Emerald,1.03,AI_Enhanced_Extraction
496.174015165054,0.3899464830126117,1,advanced_contour,0.7594216308216375,Kafubu_Zambia,Blue_Green_Emerald,1.03,AI_Enhanced_Extraction
498.17764048099264,0.3861323976732538,1,advanced_contour,0.7594216308216375,Kafubu_Zambia,Blue_Green_Emerald,1.03,AI_Enhanced_Extraction
500.18126579693126,0.382272944901046,1,advanced_contour,0.7594216308216375,Kafubu_Zambia,Blue_Green_Emerald,1.03,AI_Enhanced_Extraction
502.1848911128699,0.378135600443984,1,advanced_contour,0.7594216308216375,Kafubu_Zambia,Blue_Green_Emerald,1.03,AI_Enhanced_Extraction
504.1885164288085,0.3733228219378004,1,advanced_contour,0.7594216308216375,Kafubu_Zambia,Blue_Green_Emerald,1.03,AI_Enhanced_Extraction
506.1921417447471,0.36868073637857457,1,advanced_contour,0.7594216308216375,Kafubu_Zambia,Blue_Green_Emerald,1.03,AI_Enhanced_Extraction
508.19576706068574,0.3642708614817096,1,advanced_contour,0.7594216308216375,Kafubu_Zambia,Blue_Green_Emerald,1.03,AI_Enhanced_Extraction
510.19939237662436,0.36010327211906934,1,advanced_contour,0.7594216308216375,Kafubu_Zambia,Blue_Green_Emerald,1.03,AI_Enhanced_Extraction
512.203017692563,0.35669825313988923,1,advanced_contour,0.7594216308216375,Kafubu_Zambia,Blue_Green_Emerald,1.03,AI_Enhanced_Extraction
514.2066430085016,0.3537554067028348,1,advanced_contour,0.7594216308216375,Kafubu_Zambia,Blue_Green_Emerald,1.03,AI_Enhanced_Extraction
516.2102683244402,0.35118526541743866,1,advanced_contour,0.7594216308216375,Kafubu_Zambia,Blue_Green_Emerald,1.03,AI_Enhanced_Extraction
518.2138936403788,0.34942669702574186,1,advanced_contour,0.7594216308216375,Kafubu_Zambia,Blue_Green_Emerald,1.03,AI_Enhanced_Extraction
520.2175189563175,0.3481390240321074,1,advanced_contour,0.7594216308216375,Kafubu_Zambia,Blue_Green_Emerald,1.03,AI_Enhanced_Extraction
522.2211442722561,0.34801455993393016,1,advanced_contour,0.7594216308216375,Kafubu_Zambia,Blue_Green_Emerald,1.03,AI_Enhanced_Extraction
524.2247695881947,0.34860481448725855,1,advanced_contour,0.7594216308216375,Kafubu_Zambia,Blue_Green_Emerald,1.03,AI_Enhanced_Extraction
526.2283949041334,0.3496809854353006,1,advanced_contour,0.7594216308216375,Kafubu_Zambia,Blue_Green_Emerald,1.03,AI_Enhanced_Extraction
528.232020220072,0.3505899570271652,1,advanced_contour,0.7594216308216375,Kafubu_Zambia,Blue_Green_Emerald,1.03,AI_Enhanced_Extraction
530.2356455360107,0.3516769250971685,1,advanced_contour,0.7594216308216375,Kafubu_Zambia,Blue_Green_Emerald,1.03,AI_Enhanced_Extraction
532.2392708519492,0.3527674614979087,1,advanced_contour,0.7594216308216375,Kafubu_Zambia,Blue_Green_Emerald,1.03,AI_Enhanced_Extraction
534.2428961678879,0.35344681117179255,1,advanced_contour,0.7594216308216375,Kafubu_Zambia,Blue_Green_Emerald,1.03,AI_Enhanced_Extraction
536.2465214838265,0.3539019923595733,1,advanced_contour,0.7594216308216375,Kafubu_Zambia,Blue_Green_Emerald,1.03,AI_Enhanced_Extraction
538.2501467997652,0.35386554341415066,1,advanced_contour,0.7594216308216375,Kafubu_Zambia,Blue_Green_Emerald,1.03,AI_Enhanced_Extraction
540.2537721157038,0.3531176232640734,1,advanced_contour,0.7594216308216375,Kafubu_Zambia,Blue_Green_Emerald,1.03,AI_Enhanced_Extraction
542.2573974316424,0.3524314237665769,1,advanced_contour,0.7594216308216375,Kafubu_Zambia,Blue_Green_Emerald,1.03,AI_Enhanced_Extraction
544.261022747581,0.3516048874947082,1,advanced_contour,0.7594216308216375,Kafubu_Zambia,Blue_Green_Emerald,1.03,AI_Enhanced_Extraction
546.2646480635196,0.35072111351030655,1,advanced_contour,0.7594216308216375,Kafubu_Zambia,Blue_Green_Emerald,1.03,AI_Enhanced_Extraction
548.2682733794583,0.35000023188933305,1,advanced_contour,0.7594216308216375,Kafubu_Zambia,Blue_Green_Emerald,1.03,AI_Enhanced_Extraction
550.2718986953969,0.3494939494445637,1,advanced_contour,0.7594216308216375,Kafubu_Zambia,Blue_Green_Emerald,1.03,AI_Enhanced_Extraction
552.2755240113355,0.3491983001647605,1,advanced_contour,0.7594216308216375,Kafubu_Zambia,Blue_Green_Emerald,1.03,AI_Enhanced_Extraction
554.2791493272741,0.34917400503733853,1,advanced_contour,0.7594216308216375,Kafubu_Zambia,Blue_Green_Emerald,1.03,AI_Enhanced_Extraction
556.2827746432127,0.3493154002565846,1,advanced_contour,0.7594216308216375,Kafubu_Zambia,Blue_Green_Emerald,1.03,AI_Enhanced_Extraction
558.2863999591514,0.34937404407183026,1,advanced_contour,0.7594216308216375,Kafubu_Zambia,Blue_Green_Emerald,1.03,AI_Enhanced_Extraction
560.29002527509,0.34937404407183026,1,advanced_contour,0.7594216308216375,Kafubu_Zambia,Blue_Green_Emerald,1.03,AI_Enhanced_Extraction
562.2936505910286,0.34937404407183026,1,advanced_contour,0.7594216308216375,Kafubu_Zambia,Blue_Green_Emerald,1.03,AI_Enhanced_Extraction
564.2972759069672,0.34937404407183026,1,advanced_contour,0.7594216308216375,Kafubu_Zambia,Blue_Green_Emerald,1.03,AI_Enhanced_Extraction
566.3009012229058,0.34937404407183026,1,advanced_contour,0.7594216308216375,Kafubu_Zambia,Blue_Green_Emerald,1.03,AI_Enhanced_Extraction
568.3045265388445,0.34937404407183026,1,advanced_contour,0.7594216308216375,Kafubu_Zambia,Blue_Green_Emerald,1.03,AI_Enhanced_Extraction
570.3081518547831,0.34953814501088376,1,advanced_contour,0.7594216308216375,Kafubu_Zambia,Blue_Green_Emerald,1.03,AI_Enhanced_Extraction
572.3117771707217,0.34967064027208195,1,advanced_contour,0.7594216308216375,Kafubu_Zambia,Blue_Green_Emerald,1.03,AI_Enhanced_Extraction
574.3154024866603,0.3496270431066574,1,advanced_contour,0.7594216308216375,Kafubu_Zambia,Blue_Green_Emerald,1.03,AI_Enhanced_Extraction
576.3190278025991,0.34918148610336897,1,advanced_contour,0.7594216308216375,Kafubu_Zambia,Blue_Green_Emerald,1.03,AI_Enhanced_Extraction
578.3226531185376,0.34818834527069964,1,advanced_contour,0.7594216308216375,Kafubu_Zambia,Blue_Green_Emerald,1.03,AI_Enhanced_Extraction
580.3262784344763,0.3468334845819714,1,advanced_contour,0.7594216308216375,Kafubu_Zambia,Blue_Green_Emerald,1.03,AI_Enhanced_Extraction
582.3299037504148,0.34530276801050663,1,advanced_contour,0.7594216308216375,Kafubu_Zambia,Blue_Green_Emerald,1.03,AI_Enhanced_Extraction
584.3335290663535,0.34385430046691,1,advanced_contour,0.7594216308216375,Kafubu_Zambia,Blue_Green_Emerald,1.03,AI_Enhanced_Extraction
586.3371543822922,0.3425844574582406,1,advanced_contour,0.7594216308216375,Kafubu_Zambia,Blue_Green_Emerald,1.03,AI_Enhanced_Extraction
588.3407796982308,0.34160741672424,1,advanced_contour,0.7594216308216375,Kafubu_Zambia,Blue_Green_Emerald,1.03,AI_Enhanced_Extraction
590.3444050141694,0.34101395700850057,1,advanced_contour,0.7594216308216375,Kafubu_Zambia,Blue_Green_Emerald,1.03,AI_Enhanced_Extraction
592.348030330108,0.34059503995470675,1,advanced_contour,0.7594216308216375,Kafubu_Zambia,Blue_Green_Emerald,1.03,AI_Enhanced_Extraction
594.3516556460467,0.3402730632352735,1,advanced_contour,0.7594216308216375,Kafubu_Zambia,Blue_Green_Emerald,1.03,AI_Enhanced_Extraction
596.3552809619853,0.3398756386396137,1,advanced_contour,0.7594216308216375,Kafubu_Zambia,Blue_Green_Emerald,1.03,AI_Enhanced_Extraction
598.3589062779239,0.33921228645268126,1,advanced_contour,0.7594216308216375,Kafubu_Zambia,Blue_Green_Emerald,1.03,AI_Enhanced_Extraction
600.3625315938625,0.33852162487882814,1,advanced_contour,0.7594216308216375,Kafubu_Zambia,Blue_Green_Emerald,1.03,AI_Enhanced_Extraction
602.3661569098011,0.3378396065950251,1,advanced_contour,0.7594216308216375,Kafubu_Zambia,Blue_Green_Emerald,1.03,AI_Enhanced_Extraction
604.3697822257398,0.3373651042059222,1,advanced_contour,0.7594216308216375,Kafubu_Zambia,Blue_Green_Emerald,1.03,AI_Enhanced_Extraction
606.3734075416784,0.337098605936497,1,advanced_contour,0.7594216308216375,Kafubu_Zambia,Blue_Green_Emerald,1.03,AI_Enhanced_Extraction
608.377032857617,0.3370518321383892,1,advanced_contour,0.7594216308216375,Kafubu_Zambia,Blue_Green_Emerald,1.03,AI_Enhanced_Extraction
610.3806581735556,0.33709839816029796,1,advanced_contour,0.7594216308216375,Kafubu_Zambia,Blue_Green_Emerald,1.03,AI_Enhanced_Extraction
612.3842834894942,0.33756391444380796,1,advanced_contour,0.7594216308216375,Kafubu_Zambia,Blue_Green_Emerald,1.03,AI_Enhanced_Extraction
614.3879088054329,0.33837285600099787,1,advanced_contour,0.7594216308216375,Kafubu_Zambia,Blue_Green_Emerald,1.03,AI_Enhanced_Extraction
616.3915341213715,0.33933352560274455,1,advanced_contour,0.7594216308216375,Kafubu_Zambia,Blue_Green_Emerald,1.03,AI_Enhanced_Extraction
618.3951594373101,0.34025286206912225,1,advanced_contour,0.7594216308216375,Kafubu_Zambia,Blue_Green_Emerald,1.03,AI_Enhanced_Extraction
620.3987847532487,0.3410315291400509,1,advanced_contour,0.7594216308216375,Kafubu_Zambia,Blue_Green_Emerald,1.03,AI_Enhanced_Extraction
622.4024100691873,0.3414589943324384,1,advanced_contour,0.7594216308216375,Kafubu_Zambia,Blue_Green_Emerald,1.03,AI_Enhanced_Extraction
624.406035385126,0.34240299041837985,1,advanced_contour,0.7594216308216375,Kafubu_Zambia,Blue_Green_Emerald,1.03,AI_Enhanced_Extraction
626.4096607010647,0.3436757992207523,1,advanced_contour,0.7594216308216375,Kafubu_Zambia,Blue_Green_Emerald,1.03,AI_Enhanced_Extraction
628.4132860170032,0.34512425617260545,1,advanced_contour,0.7594216308216375,Kafubu_Zambia,Blue_Green_Emerald,1.03,AI_Enhanced_Extraction
630.4169113329419,0.34650814398204793,1,advanced_contour,0.7594216308216375,Kafubu_Zambia,Blue_Green_Emerald,1.03,AI_Enhanced_Extraction
632.4205366488804,0.34795376095923847,1,advanced_contour,0.7594216308216375,Kafubu_Zambia,Blue_Green_Emerald,1.03,AI_Enhanced_Extraction
634.4241619648192,0.34897482915723416,1,advanced_contour,0.7594216308216375,Kafubu_Zambia,Blue_Green_Emerald,1.03,AI_Enhanced_Extraction
636.4277872807577,0.3496488323473801,1,advanced_contour,0.7594216308216375,Kafubu_Zambia,Blue_Green_Emerald,1.03,AI_Enhanced_Extraction
638.4314125966964,0.3500031611632549,1,advanced_contour,0.7594216308216375,Kafubu_Zambia,Blue_Green_Emerald,1.03,AI_Enhanced_Extraction
640.435037912635,0.35050835292911964,1,advanced_contour,0.7594216308216375,Kafubu_Zambia,Blue_Green_Emerald,1.03,AI_Enhanced_Extraction
642.4386632285737,0.35122354827160035,1,advanced_contour,0.7594216308216375,Kafubu_Zambia,Blue_Green_Emerald,1.03,AI_Enhanced_Extraction
644.4422885445123,0.3527040178229544,1,advanced_contour,0.7594216308216375,Kafubu_Zambia,Blue_Green_Emerald,1.03,AI_Enhanced_Extraction
646.4459138604509,0.35439962267971636,1,advanced_contour,0.7594216308216375,Kafubu_Zambia,Blue_Green_Emerald,1.03,AI_Enhanced_Extraction
648.4495391763895,0.3562152344602447,1,advanced_contour,0.7594216308216375,Kafubu_Zambia,Blue_Green_Emerald,1.03,AI_Enhanced_Extraction
650.4531644923281,0.3578361990866178,1,advanced_contour,0.7594216308216375,Kafubu_Zambia,Blue_Green_Emerald,1.03,AI_Enhanced_Extraction
652.4567898082668,0.35919995590855835,1,advanced_contour,0.7594216308216375,Kafubu_Zambia,Blue_Green_Emerald,1.03,AI_Enhanced_Extraction
654.4604151242054,0.35994071106948144,1,advanced_contour,0.7594216308216375,Kafubu_Zambia,Blue_Green_Emerald,1.03,AI_Enhanced_Extraction
656.464040440144,0.3599801801936112,1,advanced_contour,0.7594216308216375,Kafubu_Zambia,Blue_Green_Emerald,1.03,AI_Enhanced_Extraction
658.4676657560826,0.3594132374229265,1,advanced_contour,0.7594216308216375,Kafubu_Zambia,Blue_Green_Emerald,1.03,AI_Enhanced_Extraction
660.4712910720212,0.358803655934407,1,advanced_contour,0.7594216308216375,Kafubu_Zambia,Blue_Green_Emerald,1.03,AI_Enhanced_Extraction
662.4749163879599,0.3578318988140648,1,advanced_contour,0.7594216308216375,Kafubu_Zambia,Blue_Green_Emerald,1.03,AI_Enhanced_Extraction
664.4785417038985,0.35695911235464156,1,advanced_contour,0.7594216308216375,Kafubu_Zambia,Blue_Green_Emerald,1.03,AI_Enhanced_Extraction
666.4821670198371,0.3562999818815488,1,advanced_contour,0.7594216308216375,Kafubu_Zambia,Blue_Green_Emerald,1.03,AI_Enhanced_Extraction
668.4857923357757,0.35614706278042935,1,advanced_contour,0.7594216308216375,Kafubu_Zambia,Blue_Green_Emerald,1.03,AI_Enhanced_Extraction
670.4894176517143,0.3561407629075186,1,advanced_contour,0.7594216308216375,Kafubu_Zambia,Blue_Green_Emerald,1.03,AI_Enhanced_Extraction
672.4930429676531,0.3563828620039481,1,advanced_contour,0.7594216308216375,Kafubu_Zambia,Blue_Green_Emerald,1.03,AI_Enhanced_Extraction
674.4966682835916,0.3564382151307365,1,advanced_contour,0.7594216308216375,Kafubu_Zambia,Blue_Green_Emerald,1.03,AI_Enhanced_Extraction
676.5002935995303,0.35645716844227354,1,advanced_contour,0.7594216308216375,Kafubu_Zambia,Blue_Green_Emerald,1.03,AI_Enhanced_Extraction
678.5039189154688,0.35642119070431055,1,advanced_contour,0.7594216308216375,Kafubu_Zambia,Blue_Green_Emerald,1.03,AI_Enhanced_Extraction
680.5075442314076,0.3563875780283797,1,advanced_contour,0.7594216308216375,Kafubu_Zambia,Blue_Green_Emerald,1.03,AI_Enhanced_Extraction
682.5111695473461,0.35644965841491355,1,advanced_contour,0.7594216308216375,Kafubu_Zambia,Blue_Green_Emerald,1.03,AI_Enhanced_Extraction
684.5147948632848,0.35689647511913747,1,advanced_contour,0.7594216308216375,Kafubu_Zambia,Blue_Green_Emerald,1.03,AI_Enhanced_Extraction
686.5184201792233,0.35757509227430495,1,advanced_contour,0.7594216308216375,Kafubu_Zambia,Blue_Green_Emerald,1.03,AI_Enhanced_Extraction
688.522045495162,0.35851479353932164,1,advanced_contour,0.7594216308216375,Kafubu_Zambia,Blue_Green_Emerald,1.03,AI_Enhanced_Extraction
690.5256708111006,0.3593196589829936,1,advanced_contour,0.7594216308216375,Kafubu_Zambia,Blue_Green_Emerald,1.03,AI_Enhanced_Extraction
692.5292961270393,0.35977587612611217,1,advanced_contour,0.7594216308216375,Kafubu_Zambia,Blue_Green_Emerald,1.03,AI_Enhanced_Extraction
694.5329214429778,0.360517437728827,1,advanced_contour,0.7594216308216375,Kafubu_Zambia,Blue_Green_Emerald,1.03,AI_Enhanced_Extraction
696.5365467589165,0.3618249971405416,1,advanced_contour,0.7594216308216375,Kafubu_Zambia,Blue_Green_Emerald,1.03,AI_Enhanced_Extraction
698.5401720748551,0.3632632230100381,1,advanced_contour,0.7594216308216375,Kafubu_Zambia,Blue_Green_Emerald,1.03,AI_Enhanced_Extraction
700.5437973907938,0.3647156022485325,1,advanced_contour,0.7594216308216375,Kafubu_Zambia,Blue_Green_Emerald,1.03,AI_Enhanced_Extraction
702.5474227067324,0.3662453041759809,1,advanced_contour,0.7594216308216375,Kafubu_Zambia,Blue_Green_Emerald,1.03,AI_Enhanced_Extraction
704.551048022671,0.3674941907691298,1,advanced_contour,0.7594216308216375,Kafubu_Zambia,Blue_Green_Emerald,1.03,AI_Enhanced_Extraction
706.5546733386096,0.3685009289393907,1,advanced_contour,0.7594216308216375,Kafubu_Zambia,Blue_Green_Emerald,1.03,AI_Enhanced_Extraction
708.5582986545483,0.3692254953619094,1,advanced_contour,0.7594216308216375,Kafubu_Zambia,Blue_Green_Emerald,1.03,AI_Enhanced_Extraction
710.5619239704869,0.3697348650390263,1,advanced_contour,0.7594216308216375,Kafubu_Zambia,Blue_Green_Emerald,1.03,AI_Enhanced_Extraction
712.5655492864255,0.3698895006524977,1,advanced_contour,0.7594216308216375,Kafubu_Zambia,Blue_Green_Emerald,1.03,AI_Enhanced_Extraction
714.5691746023641,0.3704982605202036,1,advanced_contour,0.7594216308216375,Kafubu_Zambia,Blue_Green_Emerald,1.03,AI_Enhanced_Extraction
716.5727999183027,0.3712619827159228,1,advanced_contour,0.7594216308216375,Kafubu_Zambia,Blue_Green_Emerald,1.03,AI_Enhanced_Extraction
718.5764252342414,0.3722626444366348,1,advanced_contour,0.7594216308216375,Kafubu_Zambia,Blue_Green_Emerald,1.03,AI_Enhanced_Extraction
720.58005055018,0.3738991263582545,1,advanced_contour,0.7594216308216375,Kafubu_Zambia,Blue_Green_Emerald,1.03,AI_Enhanced_Extraction
722.5836758661187,0.3760911850875456,1,advanced_contour,0.7594216308216375,Kafubu_Zambia,Blue_Green_Emerald,1.03,AI_Enhanced_Extraction
724.5873011820572,0.37879139233633435,1,advanced_contour,0.7594216308216375,Kafubu_Zambia,Blue_Green_Emerald,1.03,AI_Enhanced_Extraction
726.590926497996,0.3816431241315913,1,advanced_contour,0.7594216308216375,Kafubu_Zambia,Blue_Green_Emerald,1.03,AI_Enhanced_Extraction
728.5945518139345,0.384711458402928,1,advanced_contour,0.7594216308216375,Kafubu_Zambia,Blue_Green_Emerald,1.03,AI_Enhanced_Extraction
730.5981771298732,0.3878247518476106,1,advanced_contour,0.7594216308216375,Kafubu_Zambia,Blue_Green_Emerald,1.03,AI_Enhanced_Extraction
732.6018024458117,0.3906309859097066,1,advanced_contour,0.7594216308216375,Kafubu_Zambia,Blue_Green_Emerald,1.03,AI_Enhanced_Extraction
734.6054277617504,0.3929794222820052,1,advanced_contour,0.7594216308216375,Kafubu_Zambia,Blue_Green_Emerald,1.03,AI_Enhanced_Extraction
736.6090530776889,0.39473903960342316,1,advanced_contour,0.7594216308216375,Kafubu_Zambia,Blue_Green_Emerald,1.03,AI_Enhanced_Extraction
738.6126783936277,0.3962833350466836,1,advanced_contour,0.7594216308216375,Kafubu_Zambia,Blue_Green_Emerald,1.03,AI_Enhanced_Extraction
740.6163037095662,0.39774903005772766,1,advanced_contour,0.7594216308216375,Kafubu_Zambia,Blue_Green_Emerald,1.03,AI_Enhanced_Extraction
742.6199290255049,0.3989603920977025,1,advanced_contour,0.7594216308216375,Kafubu_Zambia,Blue_Green_Emerald,1.03,AI_Enhanced_Extraction
744.6235543414434,0.4001223517568251,1,advanced_contour,0.7594216308216375,Kafubu_Zambia,Blue_Green_Emerald,1.03,AI_Enhanced_Extraction
746.6271796573822,0.4010822083936192,1,advanced_contour,0.7594216308216375,Kafubu_Zambia,Blue_Green_Emerald,1.03,AI_Enhanced_Extraction
748.6308049733208,0.40210923642392976,1,advanced_contour,0.7594216308216375,Kafubu_Zambia,Blue_Green_Emerald,1.03,AI_Enhanced_Extraction
750.6344302892594,0.40307384485458675,1,advanced_contour,0.7594216308216375,Kafubu_Zambia,Blue_Green_Emerald,1.03,AI_Enhanced_Extraction
752.638055605198,0.40387371635356817,1,advanced_contour,0.7594216308216375,Kafubu_Zambia,Blue_Green_Emerald,1.03,AI_Enhanced_Extraction
754.6416809211366,0.4044790597934164,1,advanced_contour,0.7594216308216375,Kafubu_Zambia,Blue_Green_Emerald,1.03,AI_Enhanced_Extraction
756.6453062370753,0.4047959170326587,1,advanced_contour,0.7594216308216375,Kafubu_Zambia,Blue_Green_Emerald,1.03,AI_Enhanced_Extraction
758.6489315530139,0.4049911367235127,1,advanced_contour,0.7594216308216375,Kafubu_Zambia,Blue_Green_Emerald,1.03,AI_Enhanced_Extraction
760.6525568689525,0.4049222084624476,1,advanced_contour,0.7594216308216375,Kafubu_Zambia,Blue_Green_Emerald,1.03,AI_Enhanced_Extraction
762.6561821848911,0.404581092015704,1,advanced_contour,0.7594216308216375,Kafubu_Zambia,Blue_Green_Emerald,1.03,AI_Enhanced_Extraction
764.6598075008297,0.4040396645407847,1,advanced_contour,0.7594216308216375,Kafubu_Zambia,Blue_Green_Emerald,1.03,AI_Enhanced_Extraction
766.6634328167684,0.4040137665740118,1,advanced_contour,0.7594216308216375,Kafubu_Zambia,Blue_Green_Emerald,1.03,AI_Enhanced_Extraction
768.667058132707,0.4046621251935215,1,advanced_contour,0.7594216308216375,Kafubu_Zambia,Blue_Green_Emerald,1.03,AI_Enhanced_Extraction
770.6706834486456,0.4060131688746445,1,advanced_contour,0.7594216308216375,Kafubu_Zambia,Blue_Green_Emerald,1.03,AI_Enhanced_Extraction
772.6743087645843,0.4080311103899229,1,advanced_contour,0.7594216308216375,Kafubu_Zambia,Blue_Green_Emerald,1.03,AI_Enhanced_Extraction
774.6779340805228,0.41050794872194774,1,advanced_contour,0.7594216308216375,Kafubu_Zambia,Blue_Green_Emerald,1.03,AI_Enhanced_Extraction
776.6815593964616,0.410586076841909,1,advanced_contour,0.7594216308216375,Kafubu_Zambia,Blue_Green_Emerald,1.03,AI_Enhanced_Extraction
778.6851847124001,0.4137385664073686,1,advanced_contour,0.7594216308216375,Kafubu_Zambia,Blue_Green_Emerald,1.03,AI_Enhanced_Extraction
780.6888100283388,0.4195987849544488,1,advanced_contour,0.7594216308216375,Kafubu_Zambia,Blue_Green_Emerald,1.03,AI_Enhanced_Extraction
782.6924353442773,0.42693203128141965,1,advanced_contour,0.7594216308216375,Kafubu_Zambia,Blue_Green_Emerald,1.03,AI_Enhanced_Extraction
784.6960606602161,0.43494392561082007,1,advanced_contour,0.7594216308216375,Kafubu_Zambia,Blue_Green_Emerald,1.03,AI_Enhanced_Extraction
786.6996859761546,0.4432479837517592,1,advanced_contour,0.7594216308216375,Kafubu_Zambia,Blue_Green_Emerald,1.03,AI_Enhanced_Extraction
788.7033112920933,0.4508688278316394,1,advanced_contour,0.7594216308216375,Kafubu_Zambia,Blue_Green_Emerald,1.03,AI_Enhanced_Extraction
790.7069366080318,0.45687544287009624,1,advanced_contour,0.7594216308216375,Kafubu_Zambia,Blue_Green_Emerald,1.03,AI_Enhanced_Extraction
792.7105619239705,0.4605548197638314,1,advanced_contour,0.7594216308216375,Kafubu_Zambia,Blue_Green_Emerald,1.03,AI_Enhanced_Extraction
794.714187239909,0.4608525127711015,1,advanced_contour,0.7594216308216375,Kafubu_Zambia,Blue_Green_Emerald,1.03,AI_Enhanced_Extraction
796.7178125558478,0.4572649263190899,1,advanced_contour,0.7594216308216375,Kafubu_Zambia,Blue_Green_Emerald,1.03,AI_Enhanced_Extraction
798.7214378717864,0.45586251257658517,1,advanced_contour,0.7594216308216375,Kafubu_Zambia,Blue_Green_Emerald,1.03,AI_Enhanced_Extraction
800.725063187725,0.4546111337155704,1,advanced_contour,0.7594216308216375,Kafubu_Zambia,Blue_Green_Emerald,1.03,AI_Enhanced_Extraction
802.7286885036636,0.4533503071844486,1,advanced_contour,0.7594216308216375,Kafubu_Zambia,Blue_Green_Emerald,1.03,AI_Enhanced_Extraction
804.7323138196023,0.4526951903195474,1,advanced_contour,0.7594216308216375,Kafubu_Zambia,Blue_Green_Emerald,1.03,AI_Enhanced_Extraction
806.7359391355409,0.4528943908531879,1,advanced_contour,0.7594216308216375,Kafubu_Zambia,Blue_Green_Emerald,1.03,AI_Enhanced_Extraction
808.7395644514795,0.4544555776770712,1,advanced_contour,0.7594216308216375,Kafubu_Zambia,Blue_Green_Emerald,1.03,AI_Enhanced_Extraction
810.7431897674181,0.45753516808499506,1,advanced_contour,0.7594216308216375,Kafubu_Zambia,Blue_Green_Emerald,1.03,AI_Enhanced_Extraction
812.7468150833568,0.4615473866724795,1,advanced_contour,0.7594216308216375,Kafubu_Zambia,Blue_Green_Emerald,1.03,AI_Enhanced_Extraction
814.7504403992954,0.46512740458814505,1,advanced_contour,0.7594216308216375,Kafubu_Zambia,Blue_Green_Emerald,1.03,AI_Enhanced_Extraction
816.754065715234,0.4693033135459443,1,advanced_contour,0.7594216308216375,Kafubu_Zambia,Blue_Green_Emerald,1.03,AI_Enhanced_Extraction
818.7576910311726,0.4724908356240447,1,advanced_contour,0.7594216308216375,Kafubu_Zambia,Blue_Green_Emerald,1.03,AI_Enhanced_Extraction
820.7613163471112,0.47662055729983266,1,advanced_contour,0.7594216308216375,Kafubu_Zambia,Blue_Green_Emerald,1.03,AI_Enhanced_Extraction
822.7649416630499,0.48112341693660515,1,advanced_contour,0.7594216308216375,Kafubu_Zambia,Blue_Green_Emerald,1.03,AI_Enhanced_Extraction
824.7685669789885,0.4858031453720283,1,advanced_contour,0.7594216308216375,Kafubu_Zambia,Blue_Green_Emerald,1.03,AI_Enhanced_Extraction
826.7721922949272,0.4903551428847528,1,advanced_contour,0.7594216308216375,Kafubu_Zambia,Blue_Green_Emerald,1.03,AI_Enhanced_Extraction
828.7758176108657,0.4948397732453824,1,advanced_contour,0.7594216308216375,Kafubu_Zambia,Blue_Green_Emerald,1.03,AI_Enhanced_Extraction
830.7794429268044,0.4988209718795217,1,advanced_contour,0.7594216308216375,Kafubu_Zambia,Blue_Green_Emerald,1.03,AI_Enhanced_Extraction
832.783068242743,0.501459779461717,1,advanced_contour,0.7594216308216375,Kafubu_Zambia,Blue_Green_Emerald,1.03,AI_Enhanced_Extraction
834.7866935586817,0.5022644559469965,1,advanced_contour,0.7594216308216375,Kafubu_Zambia,Blue_Green_Emerald,1.03,AI_Enhanced_Extraction
836.7903188746202,0.5024064664352451,1,advanced_contour,0.7594216308216375,Kafubu_Zambia,Blue_Green_Emerald,1.03,AI_Enhanced_Extraction
838.7939441905589,0.5011990407673877,1,advanced_contour,0.7594216308216375,Kafubu_Zambia,Blue_Green_Emerald,1.03,AI_Enhanced_Extraction
840.7975695064974,0.5011990407673877,1,advanced_contour,0.7594216308216375,Kafubu_Zambia,Blue_Green_Emerald,1.03,AI_Enhanced_Extraction
842.8011948224362,0.5011990407673877,1,advanced_contour,0.7594216308216375,Kafubu_Zambia,Blue_Green_Emerald,1.03,AI_Enhanced_Extraction
844.8048201383747,0.5011990407673877,1,advanced_contour,0.7594216308216375,Kafubu_Zambia,Blue_Green_Emerald,1.03,AI_Enhanced_Extraction
846.8084454543134,0.5011990407673877,1,advanced_contour,0.7594216308216375,Kafubu_Zambia,Blue_Green_Emerald,1.03,AI_Enhanced_Extraction
848.812070770252,0.5011990407673877,1,advanced_contour,0.7594216308216375,Kafubu_Zambia,Blue_Green_Emerald,1.03,AI_Enhanced_Extraction
850.8156960861907,0.5011990407673877,1,advanced_contour,0.7594216308216375,Kafubu_Zambia,Blue_Green_Emerald,1.03,AI_Enhanced_Extraction
852.8193214021293,0.5011990407673877,1,advanced_contour,0.7594216308216375,Kafubu_Zambia,Blue_Green_Emerald,1.03,AI_Enhanced_Extraction
854.8229467180679,0.5011990407673877,1,advanced_contour,0.7594216308216375,Kafubu_Zambia,Blue_Green_Emerald,1.03,AI_Enhanced_Extraction
856.8265720340065,0.5011990407673877,1,advanced_contour,0.7594216308216375,Kafubu_Zambia,Blue_Green_Emerald,1.03,AI_Enhanced_Extraction
858.8301973499451,0.5011990407673877,1,advanced_contour,0.7594216308216375,Kafubu_Zambia,Blue_Green_Emerald,1.03,AI_Enhanced_Extraction
860.8338226658838,0.5011990407673877,1,advanced_contour,0.7594216308216375,Kafubu_Zambia,Blue_Green_Emerald,1.03,AI_Enhanced_Extraction
862.8374479818224,0.5011990407673877,1,advanced_contour,0.7594216308216375,Kafubu_Zambia,Blue_Green_Emerald,1.03,AI_Enhanced_Extraction
864.841073297761,0.5011990407673877,1,advanced_contour,0.7594216308216375,Kafubu_Zambia,Blue_Green_Emerald,1.03,AI_Enhanced_Extraction
866.8446986136996,0.5011990407673877,1,advanced_contour,0.7594216308216375,Kafubu_Zambia,Blue_Green_Emerald,1.03,AI_Enhanced_Extraction
868.8483239296382,0.5011990407673877,1,advanced_contour,0.7594216308216375,Kafubu_Zambia,Blue_Green_Emerald,1.03,AI_Enhanced_Extraction
870.8519492455769,0.5011990407673877,1,advanced_contour,0.7594216308216375,Kafubu_Zambia,Blue_Green_Emerald,1.03,AI_Enhanced_Extraction
872.8555745615155,0.5011990407673877,1,advanced_contour,0.7594216308216375,Kafubu_Zambia,Blue_Green_Emerald,1.03,AI_Enhanced_Extraction
874.8591998774541,0.5011990407673877,1,advanced_contour,0.7594216308216375,Kafubu_Zambia,Blue_Green_Emerald,1.03,AI_Enhanced_Extraction
876.8628251933928,0.5011990407673877,1,advanced_contour,0.7594216308216375,Kafubu_Zambia,Blue_Green_Emerald,1.03,AI_Enhanced_Extraction
878.8664505093313,0.5011990407673877,1,advanced_contour,0.7594216308216375,Kafubu_Zambia,Blue_Green_Emerald,1.03,AI_Enhanced_Extraction
880.8700758252701,0.5011990407673877,1,advanced_contour,0.7594216308216375,Kafubu_Zambia,Blue_Green_Emerald,1.03,AI_Enhanced_Extraction
882.8737011412086,0.5011990407673877,1,advanced_contour,0.7594216308216375,Kafubu_Zambia,Blue_Green_Emerald,1.03,AI_Enhanced_Extraction
884.8773264571473,0.5011990407673877,1,advanced_contour,0.7594216308216375,Kafubu_Zambia,Blue_Green_Emerald,1.03,AI_Enhanced_Extraction
886.8809517730858,0.5011990407673877,1,advanced_contour,0.7594216308216375,Kafubu_Zambia,Blue_Green_Emerald,1.03,AI_Enhanced_Extraction
888.8845770890246,0.5011990407673877,1,advanced_contour,0.7594216308216375,Kafubu_Zambia,Blue_Green_Emerald,1.03,AI_Enhanced_Extraction
890.8882024049631,0.5011990407673877,1,advanced_contour,0.7594216308216375,Kafubu_Zambia,Blue_Green_Emerald,1.03,AI_Enhanced_Extraction
892.8918277209018,0.5011990407673877,1,advanced_contour,0.7594216308216375,Kafubu_Zambia,Blue_Green_Emerald,1.03,AI_Enhanced_Extraction
894.8954530368403,0.5011990407673877,1,advanced_contour,0.7594216308216375,Kafubu_Zambia,Blue_Green_Emerald,1.03,AI_Enhanced_Extraction
896.899078352779,0.5011990407673877,1,advanced_contour,0.7594216308216375,Kafubu_Zambia,Blue_Green_Emerald,1.03,AI_Enhanced_Extraction
898.9027036687175,0.5011990407673877,1,advanced_contour,0.7594216308216375,Kafubu_Zambia,Blue_Green_Emerald,1.03,AI_Enhanced_Extraction
900.9063289846563,0.5011990407673877,1,advanced_contour,0.7594216308216375,Kafubu_Zambia,Blue_Green_Emerald,1.03,AI_Enhanced_Extraction
902.9099543005949,0.5011990407673877,1,advanced_contour,0.7594216308216375,Kafubu_Zambia,Blue_Green_Emerald,1.03,AI_Enhanced_Extraction
904.9135796165335,0.5012208595808623,1,advanced_contour,0.7594216308216375,Kafubu_Zambia,Blue_Green_Emerald,1.03,AI_Enhanced_Extraction
906.9172049324721,0.5012460350225735,1,advanced_contour,0.7594216308216375,Kafubu_Zambia,Blue_Green_Emerald,1.03,AI_Enhanced_Extraction
908.9208302484108,0.5012500596950733,1,advanced_contour,0.7594216308216375,Kafubu_Zambia,Blue_Green_Emerald,1.03,AI_Enhanced_Extraction
910.9244555643494,0.5011838114024718,1,advanced_contour,0.7594216308216375,Kafubu_Zambia,Blue_Green_Emerald,1.03,AI_Enhanced_Extraction
912.928080880288,0.501036618780929,1,advanced_contour,0.7594216308216375,Kafubu_Zambia,Blue_Green_Emerald,1.03,AI_Enhanced_Extraction
914.9317061962266,0.5008063508621066,1,advanced_contour,0.7594216308216375,Kafubu_Zambia,Blue_Green_Emerald,1.03,AI_Enhanced_Extraction
916.9353315121652,0.500528657733042,1,advanced_contour,0.7594216308216375,Kafubu_Zambia,Blue_Green_Emerald,1.03,AI_Enhanced_Extraction
918.9389568281039,0.5002391894807731,1,advanced_contour,0.7594216308216375,Kafubu_Zambia,Blue_Green_Emerald,1.03,AI_Enhanced_Extraction
920.9425821440425,0.49997359619233717,1,advanced_contour,0.7594216308216375,Kafubu_Zambia,Blue_Green_Emerald,1.03,AI_Enhanced_Extraction
922.9462074599811,0.4997675279547718,1,advanced_contour,0.7594216308216375,Kafubu_Zambia,Blue_Green_Emerald,1.03,AI_Enhanced_Extraction
924.9498327759197,0.4996566348551146,1,advanced_contour,0.7594216308216375,Kafubu_Zambia,Blue_Green_Emerald,1.03,AI_Enhanced_Extraction
926.9534580918584,0.49962141386856496,1,advanced_contour,0.7594216308216375,Kafubu_Zambia,Blue_Green_Emerald,1.03,AI_Enhanced_Extraction
928.957083407797,0.49963584691405105,1,advanced_contour,0.7594216308216375,Kafubu_Zambia,Blue_Green_Emerald,1.03,AI_Enhanced_Extraction
930.9607087237356,0.4996547056818996,1,advanced_contour,0.7594216308216375,Kafubu_Zambia,Blue_Green_Emerald,1.03,AI_Enhanced_Extraction
932.9643340396742,0.4996696520334769,1,advanced_contour,0.7594216308216375,Kafubu_Zambia,Blue_Green_Emerald,1.03,AI_Enhanced_Extraction
934.9679593556128,0.4996696520334769,1,advanced_contour,0.7594216308216375,Kafubu_Zambia,Blue_Green_Emerald,1.03,AI_Enhanced_Extraction
936.9715846715515,0.49966919771022433,1,advanced_contour,0.7594216308216375,Kafubu_Zambia,Blue_Green_Emerald,1.03,AI_Enhanced_Extraction
938.9752099874902,0.49966557353361074,1,advanced_contour,0.7594216308216375,Kafubu_Zambia,Blue_Green_Emerald,1.03,AI_Enhanced_Extraction
940.9788353034288,0.49966097998399644,1,advanced_contour,0.7594216308216375,Kafubu_Zambia,Blue_Green_Emerald,1.03,AI_Enhanced_Extraction
942.9824606193674,0.49954987499894576,1,advanced_contour,0.7594216308216375,Kafubu_Zambia,Blue_Green_Emerald,1.03,AI_Enhanced_Extraction
944.986085935306,0.49959505047290914,1,advanced_contour,0.7594216308216375,Kafubu_Zambia,Blue_Green_Emerald,1.03,AI_Enhanced_Extraction
946.9897112512447,0.49976085631884914,1,advanced_contour,0.7594216308216375,Kafubu_Zambia,Blue_Green_Emerald,1.03,AI_Enhanced_Extraction
948.9933365671833,0.5000116424497281,1,advanced_contour,0.7594216308216375,Kafubu_Zambia,Blue_Green_Emerald,1.03,AI_Enhanced_Extraction
950.9969618831219,0.5003117587785086,1,advanced_contour,0.7594216308216375,Kafubu_Zambia,Blue_Green_Emerald,1.03,AI_Enhanced_Extraction
953.0005871990605,0.5006255552181531,1,advanced_contour,0.7594216308216375,Kafubu_Zambia,Blue_Green_Emerald,1.03,AI_Enhanced_Extraction
955.0042125149992,0.5009173816816239,1,advanced_contour,0.7594216308216375,Kafubu_Zambia,Blue_Green_Emerald,1.03,AI_Enhanced_Extraction
957.0078378309378,0.5011515880818836,1,advanced_contour,0.7594216308216375,Kafubu_Zambia,Blue_Green_Emerald,1.03,AI_Enhanced_Extraction
959.0114631468764,0.5012936727601163,1,advanced_contour,0.7594216308216375,Kafubu_Zambia,Blue_Green_Emerald,1.03,AI_Enhanced_Extraction
961.015088462815,0.5013171057270973,1,advanced_contour,0.7594216308216375,Kafubu_Zambia,Blue_Green_Emerald,1.03,AI_Enhanced_Extraction
963.0187137787536,0.5011990407673877,1,advanced_contour,0.7594216308216375,Kafubu_Zambia,Blue_Green_Emerald,1.03,AI_Enhanced_Extraction
965.0223390946923,0.5011990407673877,1,advanced_contour,0.7594216308216375,Kafubu_Zambia,Blue_Green_Emerald,1.03,AI_Enhanced_Extraction
967.0259644106309,0.5011990407673877,1,advanced_contour,0.7594216308216375,Kafubu_Zambia,Blue_Green_Emerald,1.03,AI_Enhanced_Extraction
969.0295897265695,0.5011990407673877,1,advanced_contour,0.7594216308216375,Kafubu_Zambia,Blue_Green_Emerald,1.03,AI_Enhanced_Extraction
971.0332150425081,0.5011990407673877,1,advanced_contour,0.7594216308216375,Kafubu_Zambia,Blue_Green_Emerald,1.03,AI_Enhanced_Extraction
973.0368403584467,0.5011990407673877,1,advanced_contour,0.7594216308216375,Kafubu_Zambia,Blue_Green_Emerald,1.03,AI_Enhanced_Extraction
975.0404656743854,0.5011990407673877,1,advanced_contour,0.7594216308216375,Kafubu_Zambia,Blue_Green_Emerald,1.03,AI_Enhanced_Extraction
977.044090990324,0.5011990407673877,1,advanced_contour,0.7594216308216375,Kafubu_Zambia,Blue_Green_Emerald,1.03,AI_Enhanced_Extraction
979.0477163062626,0.5011990407673877,1,advanced_contour,0.7594216308216375,Kafubu_Zambia,Blue_Green_Emerald,1.03,AI_Enhanced_Extraction
981.0513416222012,0.5011990407673877,1,advanced_contour,0.7594216308216375,Kafubu_Zambia,Blue_Green_Emerald,1.03,AI_Enhanced_Extraction
983.0549669381398,0.5011990407673877,1,advanced_contour,0.7594216308216375,Kafubu_Zambia,Blue_Green_Emerald,1.03,AI_Enhanced_Extraction
985.0585922540785,0.5011990407673877,1,advanced_contour,0.7594216308216375,Kafubu_Zambia,Blue_Green_Emerald,1.03,AI_Enhanced_Extraction
987.0622175700171,0.5011990407673877,1,advanced_contour,0.7594216308216375,Kafubu_Zambia,Blue_Green_Emerald,1.03,AI_Enhanced_Extraction
989.0658428859557,0.5011990407673877,1,advanced_contour,0.7594216308216375,Kafubu_Zambia,Blue_Green_Emerald,1.03,AI_Enhanced_Extraction
991.0694682018944,0.5011990407673862,1,advanced_contour,0.7594216308216375,Kafubu_Zambia,Blue_Green_Emerald,1.03,AI_Enhanced_Extraction
993.0730935178331,0.501199040767386,1,advanced_contour,0.7594216308216375,Kafubu_Zambia,Blue_Green_Emerald,1.03,AI_Enhanced_Extraction
995.0767188337717,0.5011990407673859,1,advanced_contour,0.7594216308216375,Kafubu_Zambia,Blue_Green_Emerald,1.03,AI_Enhanced_Extraction
997.0803441497103,0.5011990407673856,1,advanced_contour,0.7594216308216375,Kafubu_Zambia,Blue_Green_Emerald,1.03,AI_Enhanced_Extraction
999.0839694656489,0.5011990407673854,1,advanced_contour,0.7594216308216375,Kafubu_Zambia,Blue_Green_Emerald,1.03,AI_Enhanced_Extraction
400.0,0.45279415658381983,2,advanced_contour,0.5363945214574751,Kafubu_Zambia,Blue_Green_Emerald,1.03,AI_Enhanced_Extraction
402.0036253159386,0.45370512073953906,2,advanced_contour,0.5363945214574751,Kafubu_Zambia,Blue_Green_Emerald,1.03,AI_Enhanced_Extraction
404.00725063187724,0.4544333155955753,2,advanced_contour,0.5363945214574751,Kafubu_Zambia,Blue_Green_Emerald,1.03,AI_Enhanced_Extraction
406.01087594781586,0.4549787411519285,2,advanced_contour,0.5363945214574751,Kafubu_Zambia,Blue_Green_Emerald,1.03,AI_Enhanced_Extraction
408.0145012637545,0.4553413974085986,2,advanced_contour,0.5363945214574751,Kafubu_Zambia,Blue_Green_Emerald,1.03,AI_Enhanced_Extraction
410.0181265796931,0.4555212843655869,2,advanced_contour,0.5363945214574751,Kafubu_Zambia,Blue_Green_Emerald,1.03,AI_Enhanced_Extraction
412.0217518956317,0.4545759976866294,2,advanced_contour,0.5363945214574751,Kafubu_Zambia,Blue_Green_Emerald,1.03,AI_Enhanced_Extraction
414.0253772115704,0.4536787052998522,2,advanced_contour,0.5363945214574751,Kafubu_Zambia,Blue_Green_Emerald,1.03,AI_Enhanced_Extraction
416.029002527509,0.45134601199123925,2,advanced_contour,0.5363945214574751,Kafubu_Zambia,Blue_Green_Emerald,1.03,AI_Enhanced_Extraction
418.03262784344764,0.4530157152245349,2,advanced_contour,0.5363945214574751,Kafubu_Zambia,Blue_Green_Emerald,1.03,AI_Enhanced_Extraction
420.03625315938626,0.4576382240412372,2,advanced_contour,0.5363945214574751,Kafubu_Zambia,Blue_Green_Emerald,1.03,AI_Enhanced_Extraction
422.0398784753249,0.46437694685113706,2,advanced_contour,0.5363945214574751,Kafubu_Zambia,Blue_Green_Emerald,1.03,AI_Enhanced_Extraction
424.0435037912635,0.4723010814195211,2,advanced_contour,0.5363945214574751,Kafubu_Zambia,Blue_Green_Emerald,1.03,AI_Enhanced_Extraction
426.0471291072021,0.4804798255116761,2,advanced_contour,0.5363945214574751,Kafubu_Zambia,Blue_Green_Emerald,1.03,AI_Enhanced_Extraction
428.05075442314075,0.4879823768928888,2,advanced_contour,0.5363945214574751,Kafubu_Zambia,Blue_Green_Emerald,1.03,AI_Enhanced_Extraction
430.05437973907937,0.493877933328446,2,advanced_contour,0.5363945214574751,Kafubu_Zambia,Blue_Green_Emerald,1.03,AI_Enhanced_Extraction
432.058005055018,0.4972356925836344,2,advanced_contour,0.5363945214574751,Kafubu_Zambia,Blue_Green_Emerald,1.03,AI_Enhanced_Extraction
434.0616303709566,0.49683516198239397,2,advanced_contour,0.5363945214574751,Kafubu_Zambia,Blue_Green_Emerald,1.03,AI_Enhanced_Extraction
436.0652556868952,0.49183382859560876,2,advanced_contour,0.5363945214574751,Kafubu_Zambia,Blue_Green_Emerald,1.03,AI_Enhanced_Extraction
438.0688810028339,0.4928083241128539,2,advanced_contour,0.5363945214574751,Kafubu_Zambia,Blue_Green_Emerald,1.03,AI_Enhanced_Extraction
440.0725063187725,0.49639677463429,2,advanced_contour,0.5363945214574751,Kafubu_Zambia,Blue_Green_Emerald,1.03,AI_Enhanced_Extraction
442.07613163471115,0.5031688971176521,2,advanced_contour,0.5363945214574751,Kafubu_Zambia,Blue_Green_Emerald,1.03,AI_Enhanced_Extraction
444.07975695064977,0.5139869311411136,2,advanced_contour,0.5363945214574751,Kafubu_Zambia,Blue_Green_Emerald,1.03,AI_Enhanced_Extraction
446.0833822665884,0.5179994851289956,2,advanced_contour,0.5363945214574751,Kafubu_Zambia,Blue_Green_Emerald,1.03,AI_Enhanced_Extraction
448.087007582527,0.5161874240106581,2,advanced_contour,0.5363945214574751,Kafubu_Zambia,Blue_Green_Emerald,1.03,AI_Enhanced_Extraction
450.0906328984656,0.5167807355570754,2,advanced_contour,0.5363945214574751,Kafubu_Zambia,Blue_Green_Emerald,1.03,AI_Enhanced_Extraction
452.09425821440425,0.5070748000178391,2,advanced_contour,0.5363945214574751,Kafubu_Zambia,Blue_Green_Emerald,1.03,AI_Enhanced_Extraction
454.09788353034287,0.48258449615180427,2,advanced_contour,0.5363945214574751,Kafubu_Zambia,Blue_Green_Emerald,1.03,AI_Enhanced_Extraction
456.1015088462815,0.44895249209427357,2,advanced_contour,0.5363945214574751,Kafubu_Zambia,Blue_Green_Emerald,1.03,AI_Enhanced_Extraction
458.1051341622201,0.41399300208366846,2,advanced_contour,0.5363945214574751,Kafubu_Zambia,Blue_Green_Emerald,1.03,AI_Enhanced_Extraction
460.10875947815873,0.3810705827021501,2,advanced_contour,0.5363945214574751,Kafubu_Zambia,Blue_Green_Emerald,1.03,AI_Enhanced_Extraction
462.11238479409735,0.353130162792432,2,advanced_contour,0.5363945214574751,Kafubu_Zambia,Blue_Green_Emerald,1.03,AI_Enhanced_Extraction
464.116010110036,0.3320205280296881,2,advanced_contour,0.5363945214574751,Kafubu_Zambia,Blue_Green_Emerald,1.03,AI_Enhanced_Extraction
466.1196354259746,0.31122817231890687,2,advanced_contour,0.5363945214574751,Kafubu_Zambia,Blue_Green_Emerald,1.03,AI_Enhanced_Extraction
468.12326074191327,0.30106953107125267,2,advanced_contour,0.5363945214574751,Kafubu_Zambia,Blue_Green_Emerald,1.03,AI_Enhanced_Extraction
470.1268860578519,0.3045398646758581,2,advanced_contour,0.5363945214574751,Kafubu_Zambia,Blue_Green_Emerald,1.03,AI_Enhanced_Extraction
472.1305113737905,0.3064059215424302,2,advanced_contour,0.5363945214574751,Kafubu_Zambia,Blue_Green_Emerald,1.03,AI_Enhanced_Extraction
474.13413668972913,0.30526093792127224,2,advanced_contour,0.5363945214574751,Kafubu_Zambia,Blue_Green_Emerald,1.03,AI_Enhanced_Extraction
476.13776200566775,0.30896815195405014,2,advanced_contour,0.5363945214574751,Kafubu_Zambia,Blue_Green_Emerald,1.03,AI_Enhanced_Extraction
478.1413873216064,0.3146183241859627,2,advanced_contour,0.5363945214574751,Kafubu_Zambia,Blue_Green_Emerald,1.03,AI_Enhanced_Extraction
480.145012637545,0.32243985499682903,2,advanced_contour,0.5363945214574751,Kafubu_Zambia,Blue_Green_Emerald,1.03,AI_Enhanced_Extraction
482.1486379534836,0.32898944505389094,2,advanced_contour,0.5363945214574751,Kafubu_Zambia,Blue_Green_Emerald,1.03,AI_Enhanced_Extraction
484.15226326942224,0.33523818215745127,2,advanced_contour,0.5363945214574751,Kafubu_Zambia,Blue_Green_Emerald,1.03,AI_Enhanced_Extraction
486.15588858536086,0.3400945845743618,2,advanced_contour,0.5363945214574751,Kafubu_Zambia,Blue_Green_Emerald,1.03,AI_Enhanced_Extraction
488.15951390129953,0.34646988499971576,2,advanced_contour,0.5363945214574751,Kafubu_Zambia,Blue_Green_Emerald,1.03,AI_Enhanced_Extraction
490.16313921723815,0.3497463359912059,2,advanced_contour,0.5363945214574751,Kafubu_Zambia,Blue_Green_Emerald,1.03,AI_Enhanced_Extraction
492.1667645331768,0.3492077242833477,2,advanced_contour,0.5363945214574751,Kafubu_Zambia,Blue_Green_Emerald,1.03,AI_Enhanced_Extraction
494.1703898491154,0.3448145424140243,2,advanced_contour,0.5363945214574751,Kafubu_Zambia,Blue_Green_Emerald,1.03,AI_Enhanced_Extraction
496.174015165054,0.3405238732788143,2,advanced_contour,0.5363945214574751,Kafubu_Zambia,Blue_Green_Emerald,1.03,AI_Enhanced_Extraction
498.17764048099264,0.336404279437329,2,advanced_contour,0.5363945214574751,Kafubu_Zambia,Blue_Green_Emerald,1.03,AI_Enhanced_Extraction
500.18126579693126,0.3327356471890488,2,advanced_contour,0.5363945214574751,Kafubu_Zambia,Blue_Green_Emerald,1.03,AI_Enhanced_Extraction
502.1848911128699,0.329260726913439,2,advanced_contour,0.5363945214574751,Kafubu_Zambia,Blue_Green_Emerald,1.03,AI_Enhanced_Extraction
504.1885164288085,0.3283791535029731,2,advanced_contour,0.5363945214574751,Kafubu_Zambia,Blue_Green_Emerald,1.03,AI_Enhanced_Extraction
506.1921417447471,0.32990758968261147,2,advanced_contour,0.5363945214574751,Kafubu_Zambia,Blue_Green_Emerald,1.03,AI_Enhanced_Extraction
508.19576706068574,0.33404767945941,2,advanced_contour,0.5363945214574751,Kafubu_Zambia,Blue_Green_Emerald,1.03,AI_Enhanced_Extraction
510.19939237662436,0.3372669207969163,2,advanced_contour,0.5363945214574751,Kafubu_Zambia,Blue_Green_Emerald,1.03,AI_Enhanced_Extraction
512.203017692563,0.34001860557457264,2,advanced_contour,0.5363945214574751,Kafubu_Zambia,Blue_Green_Emerald,1.03,AI_Enhanced_Extraction
514.2066430085016,0.3410887006994222,2,advanced_contour,0.5363945214574751,Kafubu_Zambia,Blue_Green_Emerald,1.03,AI_Enhanced_Extraction
516.2102683244402,0.3403438741312051,2,advanced_contour,0.5363945214574751,Kafubu_Zambia,Blue_Green_Emerald,1.03,AI_Enhanced_Extraction
518.2138936403788,0.3394392097665778,2,advanced_contour,0.5363945214574751,Kafubu_Zambia,Blue_Green_Emerald,1.03,AI_Enhanced_Extraction
520.2175189563175,0.3374287330603564,2,advanced_contour,0.5363945214574751,Kafubu_Zambia,Blue_Green_Emerald,1.03,AI_Enhanced_Extraction
522.2211442722561,0.3345757402125914,2,advanced_contour,0.5363945214574751,Kafubu_Zambia,Blue_Green_Emerald,1.03,AI_Enhanced_Extraction
524.2247695881947,0.33287199047287586,2,advanced_contour,0.5363945214574751,Kafubu_Zambia,Blue_Green_Emerald,1.03,AI_Enhanced_Extraction
526.2283949041334,0.33009102473882956,2,advanced_contour,0.5363945214574751,Kafubu_Zambia,Blue_Green_Emerald,1.03,AI_Enhanced_Extraction
528.232020220072,0.32679819567012824,2,advanced_contour,0.5363945214574751,Kafubu_Zambia,Blue_Green_Emerald,1.03,AI_Enhanced_Extraction
530.2356455360107,0.32338858268444937,2,advanced_contour,0.5363945214574751,Kafubu_Zambia,Blue_Green_Emerald,1.03,AI_Enhanced_Extraction
532.2392708519492,0.32205342384207414,2,advanced_contour,0.5363945214574751,Kafubu_Zambia,Blue_Green_Emerald,1.03,AI_Enhanced_Extraction
534.2428961678879,0.3184720702904118,2,advanced_contour,0.5363945214574751,Kafubu_Zambia,Blue_Green_Emerald,1.03,AI_Enhanced_Extraction
536.2465214838265,0.31270347962809003,2,advanced_contour,0.5363945214574751,Kafubu_Zambia,Blue_Green_Emerald,1.03,AI_Enhanced_Extraction
538.2501467997652,0.3057050744655622,2,advanced_contour,0.5363945214574751,Kafubu_Zambia,Blue_Green_Emerald,1.03,AI_Enhanced_Extraction
540.2537721157038,0.29827004022870374,2,advanced_contour,0.5363945214574751,Kafubu_Zambia,Blue_Green_Emerald,1.03,AI_Enhanced_Extraction
542.2573974316424,0.29161964876042873,2,advanced_contour,0.5363945214574751,Kafubu_Zambia,Blue_Green_Emerald,1.03,AI_Enhanced_Extraction
544.261022747581,0.28642617173990625,2,advanced_contour,0.5363945214574751,Kafubu_Zambia,Blue_Green_Emerald,1.03,AI_Enhanced_Extraction
546.2646480635196,0.28353156985229794,2,advanced_contour,0.5363945214574751,Kafubu_Zambia,Blue_Green_Emerald,1.03,AI_Enhanced_Extraction
548.2682733794583,0.27995795135420837,2,advanced_contour,0.5363945214574751,Kafubu_Zambia,Blue_Green_Emerald,1.03,AI_Enhanced_Extraction
550.2718986953969,0.2761748863102615,2,advanced_contour,0.5363945214574751,Kafubu_Zambia,Blue_Green_Emerald,1.03,AI_Enhanced_Extraction
552.2755240113355,0.27315288062260057,2,advanced_contour,0.5363945214574751,Kafubu_Zambia,Blue_Green_Emerald,1.03,AI_Enhanced_Extraction
554.2791493272741,0.2676046096609752,2,advanced_contour,0.5363945214574751,Kafubu_Zambia,Blue_Green_Emerald,1.03,AI_Enhanced_Extraction
556.2827746432127,0.2607517215101881,2,advanced_contour,0.5363945214574751,Kafubu_Zambia,Blue_Green_Emerald,1.03,AI_Enhanced_Extraction
558.2863999591514,0.2539090752764574,2,advanced_contour,0.5363945214574751,Kafubu_Zambia,Blue_Green_Emerald,1.03,AI_Enhanced_Extraction
560.29002527509,0.24594514787992672,2,advanced_contour,0.5363945214574751,Kafubu_Zambia,Blue_Green_Emerald,1.03,AI_Enhanced_Extraction
562.2936505910286,0.23742702704693652,2,advanced_contour,0.5363945214574751,Kafubu_Zambia,Blue_Green_Emerald,1.03,AI_Enhanced_Extraction
564.2972759069672,0.24013188594759022,2,advanced_contour,0.5363945214574751,Kafubu_Zambia,Blue_Green_Emerald,1.03,AI_Enhanced_Extraction
566.3009012229058,0.2500012809270794,2,advanced_contour,0.5363945214574751,Kafubu_Zambia,Blue_Green_Emerald,1.03,AI_Enhanced_Extraction
568.3045265388445,0.26329011559955007,2,advanced_contour,0.5363945214574751,Kafubu_Zambia,Blue_Green_Emerald,1.03,AI_Enhanced_Extraction
570.3081518547831,0.28555468711475274,2,advanced_contour,0.5363945214574751,Kafubu_Zambia,Blue_Green_Emerald,1.03,AI_Enhanced_Extraction
572.3117771707217,0.31252297878418245,2,advanced_contour,0.5363945214574751,Kafubu_Zambia,Blue_Green_Emerald,1.03,AI_Enhanced_Extraction
574.3154024866603,0.3415295061926633,2,advanced_contour,0.5363945214574751,Kafubu_Zambia,Blue_Green_Emerald,1.03,AI_Enhanced_Extraction
576.3190278025991,0.36875119837084147,2,advanced_contour,0.5363945214574751,Kafubu_Zambia,Blue_Green_Emerald,1.03,AI_Enhanced_Extraction
578.3226531185376,0.3903649843493629,2,advanced_contour,0.5363945214574751,Kafubu_Zambia,Blue_Green_Emerald,1.03,AI_Enhanced_Extraction
580.3262784344763,0.40287334864703117,2,advanced_contour,0.5363945214574751,Kafubu_Zambia,Blue_Green_Emerald,1.03,AI_Enhanced_Extraction
582.3299037504148,0.40795662607232386,2,advanced_contour,0.5363945214574751,Kafubu_Zambia,Blue_Green_Emerald,1.03,AI_Enhanced_Extraction
584.3335290663535,0.414251713871396,2,advanced_contour,0.5363945214574751,Kafubu_Zambia,Blue_Green_Emerald,1.03,AI_Enhanced_Extraction
586.3371543822922,0.41271078220676727,2,advanced_contour,0.5363945214574751,Kafubu_Zambia,Blue_Green_Emerald,1.03,AI_Enhanced_Extraction
588.3407796982308,0.40884876752660815,2,advanced_contour,0.5363945214574751,Kafubu_Zambia,Blue_Green_Emerald,1.03,AI_Enhanced_Extraction
590.3444050141694,0.41053791954803526,2,advanced_contour,0.5363945214574751,Kafubu_Zambia,Blue_Green_Emerald,1.03,AI_Enhanced_Extraction
592.348030330108,0.41161731322708295,2,advanced_contour,0.5363945214574751,Kafubu_Zambia,Blue_Green_Emerald,1.03,AI_Enhanced_Extraction
594.3516556460467,0.40480162785812956,2,advanced_contour,0.5363945214574751,Kafubu_Zambia,Blue_Green_Emerald,1.03,AI_Enhanced_Extraction
596.3552809619853,0.3902947693133875,2,advanced_contour,0.5363945214574751,Kafubu_Zambia,Blue_Green_Emerald,1.03,AI_Enhanced_Extraction
598.3589062779239,0.37080064520761835,2,advanced_contour,0.5363945214574751,Kafubu_Zambia,Blue_Green_Emerald,1.03,AI_Enhanced_Extraction
600.3625315938625,0.3490231631555836,2,advanced_contour,0.5363945214574751,Kafubu_Zambia,Blue_Green_Emerald,1.03,AI_Enhanced_Extraction
602.3661569098011,0.32623582336951584,2,advanced_contour,0.5363945214574751,Kafubu_Zambia,Blue_Green_Emerald,1.03,AI_Enhanced_Extraction
604.3697822257398,0.308270289490517,2,advanced_contour,0.5363945214574751,Kafubu_Zambia,Blue_Green_Emerald,1.03,AI_Enhanced_Extraction
606.3734075416784,0.2943203350521708,2,advanced_contour,0.5363945214574751,Kafubu_Zambia,Blue_Green_Emerald,1.03,AI_Enhanced_Extraction
608.377032857617,0.2893845309510966,2,advanced_contour,0.5363945214574751,Kafubu_Zambia,Blue_Green_Emerald,1.03,AI_Enhanced_Extraction
610.3806581735556,0.2952748775722248,2,advanced_contour,0.5363945214574751,Kafubu_Zambia,Blue_Green_Emerald,1.03,AI_Enhanced_Extraction
612.3842834894942,0.3050933390936036,2,advanced_contour,0.5363945214574751,Kafubu_Zambia,Blue_Green_Emerald,1.03,AI_Enhanced_Extraction
614.3879088054329,0.3116726143790149,2,advanced_contour,0.5363945214574751,Kafubu_Zambia,Blue_Green_Emerald,1.03,AI_Enhanced_Extraction
616.3915341213715,0.3173285437879031,2,advanced_contour,0.5363945214574751,Kafubu_Zambia,Blue_Green_Emerald,1.03,AI_Enhanced_Extraction
618.3951594373101,0.3214982723415901,2,advanced_contour,0.5363945214574751,Kafubu_Zambia,Blue_Green_Emerald,1.03,AI_Enhanced_Extraction
620.3987847532487,0.3253640047769637,2,advanced_contour,0.5363945214574751,Kafubu_Zambia,Blue_Green_Emerald,1.03,AI_Enhanced_Extraction
622.4024100691873,0.3236109090771098,2,advanced_contour,0.5363945214574751,Kafubu_Zambia,Blue_Green_Emerald,1.03,AI_Enhanced_Extraction
624.406035385126,0.3199215734504869,2,advanced_contour,0.5363945214574751,Kafubu_Zambia,Blue_Green_Emerald,1.03,AI_Enhanced_Extraction
626.4096607010647,0.3135589319715234,2,advanced_contour,0.5363945214574751,Kafubu_Zambia,Blue_Green_Emerald,1.03,AI_Enhanced_Extraction
628.4132860170032,0.3072263784752101,2,advanced_contour,0.5363945214574751,Kafubu_Zambia,Blue_Green_Emerald,1.03,AI_Enhanced_Extraction
630.4169113329419,0.30049662851285425,2,advanced_contour,0.5363945214574751,Kafubu_Zambia,Blue_Green_Emerald,1.03,AI_Enhanced_Extraction
632.4205366488804,0.29450445921979107,2,advanced_contour,0.5363945214574751,Kafubu_Zambia,Blue_Green_Emerald,1.03,AI_Enhanced_Extraction
634.4241619648192,0.2895727383354262,2,advanced_contour,0.5363945214574751,Kafubu_Zambia,Blue_Green_Emerald,1.03,AI_Enhanced_Extraction
636.4277872807577,0.2885373317251103,2,advanced_contour,0.5363945214574751,Kafubu_Zambia,Blue_Green_Emerald,1.03,AI_Enhanced_Extraction
638.4314125966964,0.2906915870600791,2,advanced_contour,0.5363945214574751,Kafubu_Zambia,Blue_Green_Emerald,1.03,AI_Enhanced_Extraction
640.435037912635,0.2962123675491519,2,advanced_contour,0.5363945214574751,Kafubu_Zambia,Blue_Green_Emerald,1.03,AI_Enhanced_Extraction
642.4386632285737,0.3000073378092382,2,advanced_contour,0.5363945214574751,Kafubu_Zambia,Blue_Green_Emerald,1.03,AI_Enhanced_Extraction
644.4422885445123,0.30376101954287077,2,advanced_contour,0.5363945214574751,Kafubu_Zambia,Blue_Green_Emerald,1.03,AI_Enhanced_Extraction
646.4459138604509,0.3062426718772121,2,advanced_contour,0.5363945214574751,Kafubu_Zambia,Blue_Green_Emerald,1.03,AI_Enhanced_Extraction
648.4495391763895,0.30854735807889394,2,advanced_contour,0.5363945214574751,Kafubu_Zambia,Blue_Green_Emerald,1.03,AI_Enhanced_Extraction
650.4531644923281,0.3105268497589435,2,advanced_contour,0.5363945214574751,Kafubu_Zambia,Blue_Green_Emerald,1.03,AI_Enhanced_Extraction
652.4567898082668,0.31217553990550956,2,advanced_contour,0.5363945214574751,Kafubu_Zambia,Blue_Green_Emerald,1.03,AI_Enhanced_Extraction
654.4604151242054,0.31344887563621804,2,advanced_contour,0.5363945214574751,Kafubu_Zambia,Blue_Green_Emerald,1.03,AI_Enhanced_Extraction
656.464040440144,0.3132763431875002,2,advanced_contour,0.5363945214574751,Kafubu_Zambia,Blue_Green_Emerald,1.03,AI_Enhanced_Extraction
658.4676657560826,0.316215051099017,2,advanced_contour,0.5363945214574751,Kafubu_Zambia,Blue_Green_Emerald,1.03,AI_Enhanced_Extraction
660.4712910720212,0.32169274016074495,2,advanced_contour,0.5363945214574751,Kafubu_Zambia,Blue_Green_Emerald,1.03,AI_Enhanced_Extraction
662.4749163879599,0.3272345334203779,2,advanced_contour,0.5363945214574751,Kafubu_Zambia,Blue_Green_Emerald,1.03,AI_Enhanced_Extraction
664.4785417038985,0.3289682881343571,2,advanced_contour,0.5363945214574751,Kafubu_Zambia,Blue_Green_Emerald,1.03,AI_Enhanced_Extraction
666.4821670198371,0.3392852764766679,2,advanced_contour,0.5363945214574751,Kafubu_Zambia,Blue_Green_Emerald,1.03,AI_Enhanced_Extraction
668.4857923357757,0.3577810822226819,2,advanced_contour,0.5363945214574751,Kafubu_Zambia,Blue_Green_Emerald,1.03,AI_Enhanced_Extraction
670.4894176517143,0.38090077237702424,2,advanced_contour,0.5363945214574751,Kafubu_Zambia,Blue_Green_Emerald,1.03,AI_Enhanced_Extraction
672.4930429676531,0.4164817812006561,2,advanced_contour,0.5363945214574751,Kafubu_Zambia,Blue_Green_Emerald,1.03,AI_Enhanced_Extraction
674.4966682835916,0.435888101353207,2,advanced_contour,0.5363945214574751,Kafubu_Zambia,Blue_Green_Emerald,1.03,AI_Enhanced_Extraction
676.5002935995303,0.43912037083383637,2,advanced_contour,0.5363945214574751,Kafubu_Zambia,Blue_Green_Emerald,1.03,AI_Enhanced_Extraction
678.5039189154688,0.432554009049687,2,advanced_contour,0.5363945214574751,Kafubu_Zambia,Blue_Green_Emerald,1.03,AI_Enhanced_Extraction
680.5075442314076,0.4146935991757075,2,advanced_contour,0.5363945214574751,Kafubu_Zambia,Blue_Green_Emerald,1.03,AI_Enhanced_Extraction
682.5111695473461,0.38678870871218884,2,advanced_contour,0.5363945214574751,Kafubu_Zambia,Blue_Green_Emerald,1.03,AI_Enhanced_Extraction
684.5147948632848,0.3534553563159122,2,advanced_contour,0.5363945214574751,Kafubu_Zambia,Blue_Green_Emerald,1.03,AI_Enhanced_Extraction
686.5184201792233,0.3294822603417169,2,advanced_contour,0.5363945214574751,Kafubu_Zambia,Blue_Green_Emerald,1.03,AI_Enhanced_Extraction
688.522045495162,0.3165788524958447,2,advanced_contour,0.5363945214574751,Kafubu_Zambia,Blue_Green_Emerald,1.03,AI_Enhanced_Extraction
690.5256708111006,0.31677782694421475,2,advanced_contour,0.5363945214574751,Kafubu_Zambia,Blue_Green_Emerald,1.03,AI_Enhanced_Extraction
692.5292961270393,0.33272132958815515,2,advanced_contour,0.5363945214574751,Kafubu_Zambia,Blue_Green_Emerald,1.03,AI_Enhanced_Extraction
694.5329214429778,0.33777683518844254,2,advanced_contour,0.5363945214574751,Kafubu_Zambia,Blue_Green_Emerald,1.03,AI_Enhanced_Extraction
696.5365467589165,0.34348163330470705,2,advanced_contour,0.5363945214574751,Kafubu_Zambia,Blue_Green_Emerald,1.03,AI_Enhanced_Extraction
698.5401720748551,0.3492051272530414,2,advanced_contour,0.5363945214574751,Kafubu_Zambia,Blue_Green_Emerald,1.03,AI_Enhanced_Extraction
700.5437973907938,0.3542528086895712,2,advanced_contour,0.5363945214574751,Kafubu_Zambia,Blue_Green_Emerald,1.03,AI_Enhanced_Extraction
702.5474227067324,0.358954196677684,2,advanced_contour,0.5363945214574751,Kafubu_Zambia,Blue_Green_Emerald,1.03,AI_Enhanced_Extraction
704.551048022671,0.36076868607425805,2,advanced_contour,0.5363945214574751,Kafubu_Zambia,Blue_Green_Emerald,1.03,AI_Enhanced_Extraction
706.5546733386096,0.35987665850039813,2,advanced_contour,0.5363945214574751,Kafubu_Zambia,Blue_Green_Emerald,1.03,AI_Enhanced_Extraction
708.5582986545483,0.35961438321353706,2,advanced_contour,0.5363945214574751,Kafubu_Zambia,Blue_Green_Emerald,1.03,AI_Enhanced_Extraction
710.5619239704869,0.35902483819686726,2,advanced_contour,0.5363945214574751,Kafubu_Zambia,Blue_Green_Emerald,1.03,AI_Enhanced_Extraction
712.5655492864255,0.35810160844150696,2,advanced_contour,0.5363945214574751,Kafubu_Zambia,Blue_Green_Emerald,1.03,AI_Enhanced_Extraction
714.5691746023641,0.358257572190255,2,advanced_contour,0.5363945214574751,Kafubu_Zambia,Blue_Green_Emerald,1.03,AI_Enhanced_Extraction
716.5727999183027,0.3601859927872119,2,advanced_contour,0.5363945214574751,Kafubu_Zambia,Blue_Green_Emerald,1.03,AI_Enhanced_Extraction
718.5764252342414,0.35753828239203145,2,advanced_contour,0.5363945214574751,Kafubu_Zambia,Blue_Green_Emerald,1.03,AI_Enhanced_Extraction
720.58005055018,0.3514487364222526,2,advanced_contour,0.5363945214574751,Kafubu_Zambia,Blue_Green_Emerald,1.03,AI_Enhanced_Extraction
722.5836758661187,0.34036409921603583,2,advanced_contour,0.5363945214574751,Kafubu_Zambia,Blue_Green_Emerald,1.03,AI_Enhanced_Extraction
724.5873011820572,0.33044769530394635,2,advanced_contour,0.5363945214574751,Kafubu_Zambia,Blue_Green_Emerald,1.03,AI_Enhanced_Extraction
726.590926497996,0.32281307734041365,2,advanced_contour,0.5363945214574751,Kafubu_Zambia,Blue_Green_Emerald,1.03,AI_Enhanced_Extraction
728.5945518139345,0.31783232653607396,2,advanced_contour,0.5363945214574751,Kafubu_Zambia,Blue_Green_Emerald,1.03,AI_Enhanced_Extraction
730.5981771298732,0.31684609953957515,2,advanced_contour,0.5363945214574751,Kafubu_Zambia,Blue_Green_Emerald,1.03,AI_Enhanced_Extraction
732.6018024458117,0.31994974172212143,2,advanced_contour,0.5363945214574751,Kafubu_Zambia,Blue_Green_Emerald,1.03,AI_Enhanced_Extraction
734.6054277617504,0.32762177115566904,2,advanced_contour,0.5363945214574751,Kafubu_Zambia,Blue_Green_Emerald,1.03,AI_Enhanced_Extraction
736.6090530776889,0.3356150966143038,2,advanced_contour,0.5363945214574751,Kafubu_Zambia,Blue_Green_Emerald,1.03,AI_Enhanced_Extraction
738.6126783936277,0.3394075472988301,2,advanced_contour,0.5363945214574751,Kafubu_Zambia,Blue_Green_Emerald,1.03,AI_Enhanced_Extraction
740.6163037095662,0.3410916637306506,2,advanced_contour,0.5363945214574751,Kafubu_Zambia,Blue_Green_Emerald,1.03,AI_Enhanced_Extraction
742.6199290255049,0.3396309641917975,2,advanced_contour,0.5363945214574751,Kafubu_Zambia,Blue_Green_Emerald,1.03,AI_Enhanced_Extraction
744.6235543414434,0.3416311801944344,2,advanced_contour,0.5363945214574751,Kafubu_Zambia,Blue_Green_Emerald,1.03,AI_Enhanced_Extraction
746.6271796573822,0.3435135457444239,2,advanced_contour,0.5363945214574751,Kafubu_Zambia,Blue_Green_Emerald,1.03,AI_Enhanced_Extraction
748.6308049733208,0.34511204899613185,2,advanced_contour,0.5363945214574751,Kafubu_Zambia,Blue_Green_Emerald,1.03,AI_Enhanced_Extraction
750.6344302892594,0.3460061221809023,2,advanced_contour,0.5363945214574751,Kafubu_Zambia,Blue_Green_Emerald,1.03,AI_Enhanced_Extraction
752.638055605198,0.3423119360512221,2,advanced_contour,0.5363945214574751,Kafubu_Zambia,Blue_Green_Emerald,1.03,AI_Enhanced_Extraction
754.6416809211366,0.34341631837892767,2,advanced_contour,0.5363945214574751,Kafubu_Zambia,Blue_Green_Emerald,1.03,AI_Enhanced_Extraction
756.6453062370753,0.3477363107835796,2,advanced_contour,0.5363945214574751,Kafubu_Zambia,Blue_Green_Emerald,1.03,AI_Enhanced_Extraction
758.6489315530139,0.3562814475359638,2,advanced_contour,0.5363945214574751,Kafubu_Zambia,Blue_Green_Emerald,1.03,AI_Enhanced_Extraction
760.6525568689525,0.36663487836653985,2,advanced_contour,0.5363945214574751,Kafubu_Zambia,Blue_Green_Emerald,1.03,AI_Enhanced_Extraction
762.6561821848911,0.3783438172522995,2,advanced_contour,0.5363945214574751,Kafubu_Zambia,Blue_Green_Emerald,1.03,AI_Enhanced_Extraction
764.6598075008297,0.3901297777302225,2,advanced_contour,0.5363945214574751,Kafubu_Zambia,Blue_Green_Emerald,1.03,AI_Enhanced_Extraction
766.6634328167684,0.39556827907751557,2,advanced_contour,0.5363945214574751,Kafubu_Zambia,Blue_Green_Emerald,1.03,AI_Enhanced_Extraction
768.667058132707,0.40356789681524124,2,advanced_contour,0.5363945214574751,Kafubu_Zambia,Blue_Green_Emerald,1.03,AI_Enhanced_Extraction
770.6706834486456,0.4113899402683223,2,advanced_contour,0.5363945214574751,Kafubu_Zambia,Blue_Green_Emerald,1.03,AI_Enhanced_Extraction
772.6743087645843,0.4172441442882929,2,advanced_contour,0.5363945214574751,Kafubu_Zambia,Blue_Green_Emerald,1.03,AI_Enhanced_Extraction
774.6779340805228,0.428868940165797,2,advanced_contour,0.5363945214574751,Kafubu_Zambia,Blue_Green_Emerald,1.03,AI_Enhanced_Extraction
776.6815593964616,0.4410249218683222,2,advanced_contour,0.5363945214574751,Kafubu_Zambia,Blue_Green_Emerald,1.03,AI_Enhanced_Extraction
778.6851847124001,0.45269224825532717,2,advanced_contour,0.5363945214574751,Kafubu_Zambia,Blue_Green_Emerald,1.03,AI_Enhanced_Extraction
780.6888100283388,0.457625765493998,2,advanced_contour,0.5363945214574751,Kafubu_Zambia,Blue_Green_Emerald,1.03,AI_Enhanced_Extraction
782.6924353442773,0.4643051058087236,2,advanced_contour,0.5363945214574751,Kafubu_Zambia,Blue_Green_Emerald,1.03,AI_Enhanced_Extraction
784.6960606602161,0.4724651926638339,2,advanced_contour,0.5363945214574751,Kafubu_Zambia,Blue_Green_Emerald,1.03,AI_Enhanced_Extraction
786.6996859761546,0.47876263524000895,2,advanced_contour,0.5363945214574751,Kafubu_Zambia,Blue_Green_Emerald,1.03,AI_Enhanced_Extraction
788.7033112920933,0.49232749904946027,2,advanced_contour,0.5363945214574751,Kafubu_Zambia,Blue_Green_Emerald,1.03,AI_Enhanced_Extraction
790.7069366080318,0.5066395677256301,2,advanced_contour,0.5363945214574751,Kafubu_Zambia,Blue_Green_Emerald,1.03,AI_Enhanced_Extraction
792.7105619239705,0.5201300439038692,2,advanced_contour,0.5363945214574751,Kafubu_Zambia,Blue_Green_Emerald,1.03,AI_Enhanced_Extraction
794.714187239909,0.5305921875485804,2,advanced_contour,0.5363945214574751,Kafubu_Zambia,Blue_Green_Emerald,1.03,AI_Enhanced_Extraction
796.7178125558478,0.537053709658499,2,advanced_contour,0.5363945214574751,Kafubu_Zambia,Blue_Green_Emerald,1.03,AI_Enhanced_Extraction
798.7214378717864,0.5455610259492045,2,advanced_contour,0.5363945214574751,Kafubu_Zambia,Blue_Green_Emerald,1.03,AI_Enhanced_Extraction
800.725063187725,0.5532937210954813,2,advanced_contour,0.5363945214574751,Kafubu_Zambia,Blue_Green_Emerald,1.03,AI_Enhanced_Extraction
802.7286885036636,0.5681215030455304,2,advanced_contour,0.5363945214574751,Kafubu_Zambia,Blue_Green_Emerald,1.03,AI_Enhanced_Extraction
804.7323138196023,0.5861335001003383,2,advanced_contour,0.5363945214574751,Kafubu_Zambia,Blue_Green_Emerald,1.03,AI_Enhanced_Extraction
806.7359391355409,0.6038820266353251,2,advanced_contour,0.5363945214574751,Kafubu_Zambia,Blue_Green_Emerald,1.03,AI_Enhanced_Extraction
808.7395644514795,0.6202180367074088,2,advanced_contour,0.5363945214574751,Kafubu_Zambia,Blue_Green_Emerald,1.03,AI_Enhanced_Extraction
810.7431897674181,0.6348147908848283,2,advanced_contour,0.5363945214574751,Kafubu_Zambia,Blue_Green_Emerald,1.03,AI_Enhanced_Extraction
812.7468150833568,0.6396524671968501,2,advanced_contour,0.5363945214574751,Kafubu_Zambia,Blue_Green_Emerald,1.03,AI_Enhanced_Extraction
814.7504403992954,0.635097471412827,2,advanced_contour,0.5363945214574751,Kafubu_Zambia,Blue_Green_Emerald,1.03,AI_Enhanced_Extraction
816.754065715234,0.6246409965247564,2,advanced_contour,0.5363945214574751,Kafubu_Zambia,Blue_Green_Emerald,1.03,AI_Enhanced_Extraction
818.7576910311726,0.6160780933380212,2,advanced_contour,0.5363945214574751,Kafubu_Zambia,Blue_Green_Emerald,1.03,AI_Enhanced_Extraction
820.7613163471112,0.6060948871200924,2,advanced_contour,0.5363945214574751,Kafubu_Zambia,Blue_Green_Emerald,1.03,AI_Enhanced_Extraction
822.7649416630499,0.5981121143793027,2,advanced_contour,0.5363945214574751,Kafubu_Zambia,Blue_Green_Emerald,1.03,AI_Enhanced_Extraction
824.7685669789885,0.5896259801563275,2,advanced_contour,0.5363945214574751,Kafubu_Zambia,Blue_Green_Emerald,1.03,AI_Enhanced_Extraction
826.7721922949272,0.5888466000929387,2,advanced_contour,0.5363945214574751,Kafubu_Zambia,Blue_Green_Emerald,1.03,AI_Enhanced_Extraction
828.7758176108657,0.5985999215206812,2,advanced_contour,0.5363945214574751,Kafubu_Zambia,Blue_Green_Emerald,1.03,AI_Enhanced_Extraction
830.7794429268044,0.6166613134793986,2,advanced_contour,0.5363945214574751,Kafubu_Zambia,Blue_Green_Emerald,1.03,AI_Enhanced_Extraction
832.783068242743,0.6352470346992946,2,advanced_contour,0.5363945214574751,Kafubu_Zambia,Blue_Green_Emerald,1.03,AI_Enhanced_Extraction
834.7866935586817,0.6535192062384889,2,advanced_contour,0.5363945214574751,Kafubu_Zambia,Blue_Green_Emerald,1.03,AI_Enhanced_Extraction
836.7903188746202,0.6694300173632737,2,advanced_contour,0.5363945214574751,Kafubu_Zambia,Blue_Green_Emerald,1.03,AI_Enhanced_Extraction
838.7939441905589,0.6816698796095926,2,advanced_contour,0.5363945214574751,Kafubu_Zambia,Blue_Green_Emerald,1.03,AI_Enhanced_Extraction
840.7975695064974,0.6891148933311149,2,advanced_contour,0.5363945214574751,Kafubu_Zambia,Blue_Green_Emerald,1.03,AI_Enhanced_Extraction
842.8011948224362,0.6860117967507061,2,advanced_contour,0.5363945214574751,Kafubu_Zambia,Blue_Green_Emerald,1.03,AI_Enhanced_Extraction
844.8048201383747,0.6725328328939724,2,advanced_contour,0.5363945214574751,Kafubu_Zambia,Blue_Green_Emerald,1.03,AI_Enhanced_Extraction
846.8084454543134,0.657773459355225,2,advanced_contour,0.5363945214574751,Kafubu_Zambia,Blue_Green_Emerald,1.03,AI_Enhanced_Extraction
848.812070770252,0.6430411383459587,2,advanced_contour,0.5363945214574751,Kafubu_Zambia,Blue_Green_Emerald,1.03,AI_Enhanced_Extraction
850.8156960861907,0.628651924994132,2,advanced_contour,0.5363945214574751,Kafubu_Zambia,Blue_Green_Emerald,1.03,AI_Enhanced_Extraction
852.8193214021293,0.6165260328279001,2,advanced_contour,0.5363945214574751,Kafubu_Zambia,Blue_Green_Emerald,1.03,AI_Enhanced_Extraction
854.8229467180679,0.6061338059094696,2,advanced_contour,0.5363945214574751,Kafubu_Zambia,Blue_Green_Emerald,1.03,AI_Enhanced_Extraction
856.8265720340065,0.6003641022918149,2,advanced_contour,0.5363945214574751,Kafubu_Zambia,Blue_Green_Emerald,1.03,AI_Enhanced_Extraction
858.8301973499451,0.6003760947413674,2,advanced_contour,0.5363945214574751,Kafubu_Zambia,Blue_Green_Emerald,1.03,AI_Enhanced_Extraction
860.8338226658838,0.6043386781524422,2,advanced_contour,0.5363945214574751,Kafubu_Zambia,Blue_Green_Emerald,1.03,AI_Enhanced_Extraction
862.8374479818224,0.6057613798142736,2,advanced_contour,0.5363945214574751,Kafubu_Zambia,Blue_Green_Emerald,1.03,AI_Enhanced_Extraction
864.841073297761,0.6079435639948918,2,advanced_contour,0.5363945214574751,Kafubu_Zambia,Blue_Green_Emerald,1.03,AI_Enhanced_Extraction
866.8446986136996,0.609922826253485,2,advanced_contour,0.5363945214574751,Kafubu_Zambia,Blue_Green_Emerald,1.03,AI_Enhanced_Extraction
868.8483239296382,0.6129716233700027,2,advanced_contour,0.5363945214574751,Kafubu_Zambia,Blue_Green_Emerald,1.03,AI_Enhanced_Extraction
870.8519492455769,0.6133206151144052,2,advanced_contour,0.5363945214574751,Kafubu_Zambia,Blue_Green_Emerald,1.03,AI_Enhanced_Extraction
872.8555745615155,0.6103820290003794,2,advanced_contour,0.5363945214574751,Kafubu_Zambia,Blue_Green_Emerald,1.03,AI_Enhanced_Extraction
874.8591998774541,0.6045998916039645,2,advanced_contour,0.5363945214574751,Kafubu_Zambia,Blue_Green_Emerald,1.03,AI_Enhanced_Extraction
876.8628251933928,0.5980633551416078,2,advanced_contour,0.5363945214574751,Kafubu_Zambia,Blue_Green_Emerald,1.03,AI_Enhanced_Extraction
878.8664505093313,0.5911198517416455,2,advanced_contour,0.5363945214574751,Kafubu_Zambia,Blue_Green_Emerald,1.03,AI_Enhanced_Extraction
880.8700758252701,0.5845658025276117,2,advanced_contour,0.5363945214574751,Kafubu_Zambia,Blue_Green_Emerald,1.03,AI_Enhanced_Extraction
882.8737011412086,0.5787915020171783,2,advanced_contour,0.5363945214574751,Kafubu_Zambia,Blue_Green_Emerald,1.03,AI_Enhanced_Extraction
884.8773264571473,0.5762956606511606,2,advanced_contour,0.5363945214574751,Kafubu_Zambia,Blue_Green_Emerald,1.03,AI_Enhanced_Extraction
886.8809517730858,0.5728799551254797,2,advanced_contour,0.5363945214574751,Kafubu_Zambia,Blue_Green_Emerald,1.03,AI_Enhanced_Extraction
888.8845770890246,0.5690757209359849,2,advanced_contour,0.5363945214574751,Kafubu_Zambia,Blue_Green_Emerald,1.03,AI_Enhanced_Extraction
890.8882024049631,0.5623195548735633,2,advanced_contour,0.5363945214574751,Kafubu_Zambia,Blue_Green_Emerald,1.03,AI_Enhanced_Extraction
892.8918277209018,0.5541875617940486,2,advanced_contour,0.5363945214574751,Kafubu_Zambia,Blue_Green_Emerald,1.03,AI_Enhanced_Extraction
894.8954530368403,0.5459787766410656,2,advanced_contour,0.5363945214574751,Kafubu_Zambia,Blue_Green_Emerald,1.03,AI_Enhanced_Extraction
896.899078352779,0.5390577236653171,2,advanced_contour,0.5363945214574751,Kafubu_Zambia,Blue_Green_Emerald,1.03,AI_Enhanced_Extraction
898.9027036687175,0.5379626593285327,2,advanced_contour,0.5363945214574751,Kafubu_Zambia,Blue_Green_Emerald,1.03,AI_Enhanced_Extraction
900.9063289846563,0.5346529777137814,2,advanced_contour,0.5363945214574751,Kafubu_Zambia,Blue_Green_Emerald,1.03,AI_Enhanced_Extraction
902.9099543005949,0.5270960876525387,2,advanced_contour,0.5363945214574751,Kafubu_Zambia,Blue_Green_Emerald,1.03,AI_Enhanced_Extraction
904.9135796165335,0.5168897142059492,2,advanced_contour,0.5363945214574751,Kafubu_Zambia,Blue_Green_Emerald,1.03,AI_Enhanced_Extraction
906.9172049324721,0.5009667464727648,2,advanced_contour,0.5363945214574751,Kafubu_Zambia,Blue_Green_Emerald,1.03,AI_Enhanced_Extraction
908.9208302484108,0.4834778848050461,2,advanced_contour,0.5363945214574751,Kafubu_Zambia,Blue_Green_Emerald,1.03,AI_Enhanced_Extraction
910.9244555643494,0.46664996457848174,2,advanced_contour,0.5363945214574751,Kafubu_Zambia,Blue_Green_Emerald,1.03,AI_Enhanced_Extraction
912.928080880288,0.4544828078663549,2,advanced_contour,0.5363945214574751,Kafubu_Zambia,Blue_Green_Emerald,1.03,AI_Enhanced_Extraction
914.9317061962266,0.44358250663200033,2,advanced_contour,0.5363945214574751,Kafubu_Zambia,Blue_Green_Emerald,1.03,AI_Enhanced_Extraction
916.9353315121652,0.4355228029897378,2,advanced_contour,0.5363945214574751,Kafubu_Zambia,Blue_Green_Emerald,1.03,AI_Enhanced_Extraction
918.9389568281039,0.43250526860314586,2,advanced_contour,0.5363945214574751,Kafubu_Zambia,Blue_Green_Emerald,1.03,AI_Enhanced_Extraction
920.9425821440425,0.4257689703828106,2,advanced_contour,0.5363945214574751,Kafubu_Zambia,Blue_Green_Emerald,1.03,AI_Enhanced_Extraction
922.9462074599811,0.41732791767058086,2,advanced_contour,0.5363945214574751,Kafubu_Zambia,Blue_Green_Emerald,1.03,AI_Enhanced_Extraction
924.9498327759197,0.40924768905307546,2,advanced_contour,0.5363945214574751,Kafubu_Zambia,Blue_Green_Emerald,1.03,AI_Enhanced_Extraction
926.9534580918584,0.4025548477790176,2,advanced_contour,0.5363945214574751,Kafubu_Zambia,Blue_Green_Emerald,1.03,AI_Enhanced_Extraction
928.957083407797,0.3982048514433727,2,advanced_contour,0.5363945214574751,Kafubu_Zambia,Blue_Green_Emerald,1.03,AI_Enhanced_Extraction
930.9607087237356,0.39709947967289705,2,advanced_contour,0.5363945214574751,Kafubu_Zambia,Blue_Green_Emerald,1.03,AI_Enhanced_Extraction
932.9643340396742,0.39966419940546116,2,advanced_contour,0.5363945214574751,Kafubu_Zambia,Blue_Green_Emerald,1.03,AI_Enhanced_Extraction
934.9679593556128,0.40028220322279584,2,advanced_contour,0.5363945214574751,Kafubu_Zambia,Blue_Green_Emerald,1.03,AI_Enhanced_Extraction
936.9715846715515,0.4003446446241654,2,advanced_contour,0.5363945214574751,Kafubu_Zambia,Blue_Green_Emerald,1.03,AI_Enhanced_Extraction
938.9752099874902,0.40079816893872966,2,advanced_contour,0.5363945214574751,Kafubu_Zambia,Blue_Green_Emerald,1.03,AI_Enhanced_Extraction
940.9788353034288,0.40058719146244864,2,advanced_contour,0.5363945214574751,Kafubu_Zambia,Blue_Green_Emerald,1.03,AI_Enhanced_Extraction
942.9824606193674,0.4013768548468769,2,advanced_contour,0.5363945214574751,Kafubu_Zambia,Blue_Green_Emerald,1.03,AI_Enhanced_Extraction
944.986085935306,0.40081151780705304,2,advanced_contour,0.5363945214574751,Kafubu_Zambia,Blue_Green_Emerald,1.03,AI_Enhanced_Extraction
946.9897112512447,0.3973853206203597,2,advanced_contour,0.5363945214574751,Kafubu_Zambia,Blue_Green_Emerald,1.03,AI_Enhanced_Extraction
948.9933365671833,0.3926844354080327,2,advanced_contour,0.5363945214574751,Kafubu_Zambia,Blue_Green_Emerald,1.03,AI_Enhanced_Extraction
950.9969618831219,0.38464556539875594,2,advanced_contour,0.5363945214574751,Kafubu_Zambia,Blue_Green_Emerald,1.03,AI_Enhanced_Extraction
953.0005871990605,0.37490346701479815,2,advanced_contour,0.5363945214574751,Kafubu_Zambia,Blue_Green_Emerald,1.03,AI_Enhanced_Extraction
955.0042125149992,0.36439899766745454,2,advanced_contour,0.5363945214574751,Kafubu_Zambia,Blue_Green_Emerald,1.03,AI_Enhanced_Extraction
957.0078378309378,0.35539026431592424,2,advanced_contour,0.5363945214574751,Kafubu_Zambia,Blue_Green_Emerald,1.03,AI_Enhanced_Extraction
959.0114631468764,0.3478938638775273,2,advanced_contour,0.5363945214574751,Kafubu_Zambia,Blue_Green_Emerald,1.03,AI_Enhanced_Extraction
961.015088462815,0.3400920485758874,2,advanced_contour,0.5363945214574751,Kafubu_Zambia,Blue_Green_Emerald,1.03,AI_Enhanced_Extraction
963.0187137787536,0.33427565498138323,2,advanced_contour,0.5363945214574751,Kafubu_Zambia,Blue_Green_Emerald,1.03,AI_Enhanced_Extraction
965.0223390946923,0.32832436534674425,2,advanced_contour,0.5363945214574751,Kafubu_Zambia,Blue_Green_Emerald,1.03,AI_Enhanced_Extraction
967.0259644106309,0.32254632927738147,2,advanced_contour,0.5363945214574751,Kafubu_Zambia,Blue_Green_Emerald,1.03,AI_Enhanced_Extraction
969.0295897265695,0.31836794722564854,2,advanced_contour,0.5363945214574751,Kafubu_Zambia,Blue_Green_Emerald,1.03,AI_Enhanced_Extraction
971.0332150425081,0.3137235304242409,2,advanced_contour,0.5363945214574751,Kafubu_Zambia,Blue_Green_Emerald,1.03,AI_Enhanced_Extraction
973.0368403584467,0.3130959808986201,2,advanced_contour,0.5363945214574751,Kafubu_Zambia,Blue_Green_Emerald,1.03,AI_Enhanced_Extraction
975.0404656743854,0.31110412331663473,2,advanced_contour,0.5363945214574751,Kafubu_Zambia,Blue_Green_Emerald,1.03,AI_Enhanced_Extraction
977.044090990324,0.3087730817302492,2,advanced_contour,0.5363945214574751,Kafubu_Zambia,Blue_Green_Emerald,1.03,AI_Enhanced_Extraction
979.0477163062626,0.30478017200588947,2,advanced_contour,0.5363945214574751,Kafubu_Zambia,Blue_Green_Emerald,1.03,AI_Enhanced_Extraction
981.0513416222012,0.29858588935314834,2,advanced_contour,0.5363945214574751,Kafubu_Zambia,Blue_Green_Emerald,1.03,AI_Enhanced_Extraction
983.0549669381398,0.29198592018961744,2,advanced_contour,0.5363945214574751,Kafubu_Zambia,Blue_Green_Emerald,1.03,AI_Enhanced_Extraction
985.0585922540785,0.2855072352905079,2,advanced_contour,0.5363945214574751,Kafubu_Zambia,Blue_Green_Emerald,1.03,AI_Enhanced_Extraction
987.0622175700171,0.28038354079708006,2,advanced_contour,0.5363945214574751,Kafubu_Zambia,Blue_Green_Emerald,1.03,AI_Enhanced_Extraction
989.0658428859557,0.27729885978811125,2,advanced_contour,0.5363945214574751,Kafubu_Zambia,Blue_Green_Emerald,1.03,AI_Enhanced_Extraction
991.0694682018944,0.2757701777553477,2,advanced_contour,0.5363945214574751,Kafubu_Zambia,Blue_Green_Emerald,1.03,AI_Enhanced_Extraction
993.0730935178331,0.27591616489357773,2,advanced_contour,0.5363945214574751,Kafubu_Zambia,Blue_Green_Emerald,1.03,AI_Enhanced_Extraction
995.0767188337717,0.2777368212028007,2,advanced_contour,0.5363945214574751,Kafubu_Zambia,Blue_Green_Emerald,1.03,AI_Enhanced_Extraction
997.0803441497103,0.2812321466830165,2,advanced_contour,0.5363945214574751,Kafubu_Zambia,Blue_Green_Emerald,1.03,AI_Enhanced_Extraction
999.0839694656489,0.28640214133422515,2,advanced_contour,0.5363945214574751,Kafubu_Zambia,Blue_Green_Emerald,1.03,AI_Enhanced_Extraction
