wavelength_nm,absorbance,sample_name,extraction_method,extraction_timestamp,source_image
403.0456852791878,0.5050574956263084,Reddish-brown axinite-(Fe) – 0,Universal_Detection,2025-08-16 09:29:04.969583,"Reddish-brown axinite-(Fe) – 0.52 ct – Baja, California, USA.JPG"
405.02860635281735,0.5497853136373125,Reddish-brown axinite-(Fe) – 0,Universal_Detection,2025-08-16 09:29:04.969583,"Reddish-brown axinite-(Fe) – 0.52 ct – Baja, California, USA.JPG"
407.01152742644683,0.576269981124939,Reddish-brown axinite-(Fe) – 0,Universal_Detection,2025-08-16 09:29:04.969583,"Reddish-brown axinite-(Fe) – 0.52 ct – Baja, California, USA.JPG"
408.9944485000764,0.5845114980891883,Reddish-brown axinite-(Fe) – 0,Universal_Detection,2025-08-16 09:29:04.969583,"Reddish-brown axinite-(Fe) – 0.52 ct – Baja, California, USA.JPG"
410.9773695737059,0.5804025325315867,Reddish-brown axinite-(Fe) – 0,Universal_Detection,2025-08-16 09:29:04.969583,"Reddish-brown axinite-(Fe) – 0.52 ct – Baja, California, USA.JPG"
412.96029064733546,0.5540988957697704,Reddish-brown axinite-(Fe) – 0,Universal_Detection,2025-08-16 09:29:04.969583,"Reddish-brown axinite-(Fe) – 0.52 ct – Baja, California, USA.JPG"
414.94321172096494,0.5055509078708669,Reddish-brown axinite-(Fe) – 0,Universal_Detection,2025-08-16 09:29:04.969583,"Reddish-brown axinite-(Fe) – 0.52 ct – Baja, California, USA.JPG"
416.9261327945945,0.4665608689492508,Reddish-brown axinite-(Fe) – 0,Universal_Detection,2025-08-16 09:29:04.969583,"Reddish-brown axinite-(Fe) – 0.52 ct – Baja, California, USA.JPG"
418.909053868224,0.44768536676388765,Reddish-brown axinite-(Fe) – 0,Universal_Detection,2025-08-16 09:29:04.969583,"Reddish-brown axinite-(Fe) – 0.52 ct – Baja, California, USA.JPG"
420.89197494185356,0.422801425267357,Reddish-brown axinite-(Fe) – 0,Universal_Detection,2025-08-16 09:29:04.969583,"Reddish-brown axinite-(Fe) – 0.52 ct – Baja, California, USA.JPG"
422.87489601548305,0.39769237900321647,Reddish-brown axinite-(Fe) – 0,Universal_Detection,2025-08-16 09:29:04.969583,"Reddish-brown axinite-(Fe) – 0.52 ct – Baja, California, USA.JPG"
424.8578170891126,0.37542816257936346,Reddish-brown axinite-(Fe) – 0,Universal_Detection,2025-08-16 09:29:04.969583,"Reddish-brown axinite-(Fe) – 0.52 ct – Baja, California, USA.JPG"
426.8407381627421,0.3528107194557557,Reddish-brown axinite-(Fe) – 0,Universal_Detection,2025-08-16 09:29:04.969583,"Reddish-brown axinite-(Fe) – 0.52 ct – Baja, California, USA.JPG"
428.82365923637167,0.3277306729610435,Reddish-brown axinite-(Fe) – 0,Universal_Detection,2025-08-16 09:29:04.969583,"Reddish-brown axinite-(Fe) – 0.52 ct – Baja, California, USA.JPG"
430.80658031000115,0.3042508432514929,Reddish-brown axinite-(Fe) – 0,Universal_Detection,2025-08-16 09:29:04.969583,"Reddish-brown axinite-(Fe) – 0.52 ct – Baja, California, USA.JPG"
432.7895013836307,0.28374039976895327,Reddish-brown axinite-(Fe) – 0,Universal_Detection,2025-08-16 09:29:04.969583,"Reddish-brown axinite-(Fe) – 0.52 ct – Baja, California, USA.JPG"
434.77242245726023,0.2666219784973845,Reddish-brown axinite-(Fe) – 0,Universal_Detection,2025-08-16 09:29:04.969583,"Reddish-brown axinite-(Fe) – 0.52 ct – Baja, California, USA.JPG"
436.7553435308898,0.25282480336017016,Reddish-brown axinite-(Fe) – 0,Universal_Detection,2025-08-16 09:29:04.969583,"Reddish-brown axinite-(Fe) – 0.52 ct – Baja, California, USA.JPG"
438.73826460451926,0.23012407503809224,Reddish-brown axinite-(Fe) – 0,Universal_Detection,2025-08-16 09:29:04.969583,"Reddish-brown axinite-(Fe) – 0.52 ct – Baja, California, USA.JPG"
440.7211856781488,0.23195492318626745,Reddish-brown axinite-(Fe) – 0,Universal_Detection,2025-08-16 09:29:04.969583,"Reddish-brown axinite-(Fe) – 0.52 ct – Baja, California, USA.JPG"
442.70410675177834,0.3169326563551089,Reddish-brown axinite-(Fe) – 0,Universal_Detection,2025-08-16 09:29:04.969583,"Reddish-brown axinite-(Fe) – 0.52 ct – Baja, California, USA.JPG"
444.6870278254079,0.37071400641322794,Reddish-brown axinite-(Fe) – 0,Universal_Detection,2025-08-16 09:29:04.969583,"Reddish-brown axinite-(Fe) – 0.52 ct – Baja, California, USA.JPG"
446.66994889903737,0.3874239647438874,Reddish-brown axinite-(Fe) – 0,Universal_Detection,2025-08-16 09:29:04.969583,"Reddish-brown axinite-(Fe) – 0.52 ct – Baja, California, USA.JPG"
448.6528699726669,0.36322481595843126,Reddish-brown axinite-(Fe) – 0,Universal_Detection,2025-08-16 09:29:04.969583,"Reddish-brown axinite-(Fe) – 0.52 ct – Baja, California, USA.JPG"
450.63579104629645,0.29481946256930136,Reddish-brown axinite-(Fe) – 0,Universal_Detection,2025-08-16 09:29:04.969583,"Reddish-brown axinite-(Fe) – 0.52 ct – Baja, California, USA.JPG"
452.618712119926,0.2503650303529802,Reddish-brown axinite-(Fe) – 0,Universal_Detection,2025-08-16 09:29:04.969583,"Reddish-brown axinite-(Fe) – 0.52 ct – Baja, California, USA.JPG"
454.6016331935555,0.2860864052770976,Reddish-brown axinite-(Fe) – 0,Universal_Detection,2025-08-16 09:29:04.969583,"Reddish-brown axinite-(Fe) – 0.52 ct – Baja, California, USA.JPG"
456.584554267185,0.3086232229293323,Reddish-brown axinite-(Fe) – 0,Universal_Detection,2025-08-16 09:29:04.969583,"Reddish-brown axinite-(Fe) – 0.52 ct – Baja, California, USA.JPG"
458.56747534081455,0.31225325831425776,Reddish-brown axinite-(Fe) – 0,Universal_Detection,2025-08-16 09:29:04.969583,"Reddish-brown axinite-(Fe) – 0.52 ct – Baja, California, USA.JPG"
460.5503964144441,0.299264046522784,Reddish-brown axinite-(Fe) – 0,Universal_Detection,2025-08-16 09:29:04.969583,"Reddish-brown axinite-(Fe) – 0.52 ct – Baja, California, USA.JPG"
462.5333174880736,0.2713147546910411,Reddish-brown axinite-(Fe) – 0,Universal_Detection,2025-08-16 09:29:04.969583,"Reddish-brown axinite-(Fe) – 0.52 ct – Baja, California, USA.JPG"
464.5162385617031,0.24431684319512287,Reddish-brown axinite-(Fe) – 0,Universal_Detection,2025-08-16 09:29:04.969583,"Reddish-brown axinite-(Fe) – 0.52 ct – Baja, California, USA.JPG"
466.49915963533266,0.2268881741951181,Reddish-brown axinite-(Fe) – 0,Universal_Detection,2025-08-16 09:29:04.969583,"Reddish-brown axinite-(Fe) – 0.52 ct – Baja, California, USA.JPG"
468.48208070896214,0.23086882833800446,Reddish-brown axinite-(Fe) – 0,Universal_Detection,2025-08-16 09:29:04.969583,"Reddish-brown axinite-(Fe) – 0.52 ct – Baja, California, USA.JPG"
470.4650017825917,0.23319594098309238,Reddish-brown axinite-(Fe) – 0,Universal_Detection,2025-08-16 09:29:04.969583,"Reddish-brown axinite-(Fe) – 0.52 ct – Baja, California, USA.JPG"
472.4479228562212,0.227172632688532,Reddish-brown axinite-(Fe) – 0,Universal_Detection,2025-08-16 09:29:04.969583,"Reddish-brown axinite-(Fe) – 0.52 ct – Baja, California, USA.JPG"
474.43084392985077,0.23153306135785023,Reddish-brown axinite-(Fe) – 0,Universal_Detection,2025-08-16 09:29:04.969583,"Reddish-brown axinite-(Fe) – 0.52 ct – Baja, California, USA.JPG"
476.4137650034803,0.2960318517118353,Reddish-brown axinite-(Fe) – 0,Universal_Detection,2025-08-16 09:29:04.969583,"Reddish-brown axinite-(Fe) – 0.52 ct – Baja, California, USA.JPG"
478.3966860771098,0.3880804119090948,Reddish-brown axinite-(Fe) – 0,Universal_Detection,2025-08-16 09:29:04.969583,"Reddish-brown axinite-(Fe) – 0.52 ct – Baja, California, USA.JPG"
480.37960715073933,0.4457962454096688,Reddish-brown axinite-(Fe) – 0,Universal_Detection,2025-08-16 09:29:04.969583,"Reddish-brown axinite-(Fe) – 0.52 ct – Baja, California, USA.JPG"
482.3625282243689,0.5317639843958555,Reddish-brown axinite-(Fe) – 0,Universal_Detection,2025-08-16 09:29:04.969583,"Reddish-brown axinite-(Fe) – 0.52 ct – Baja, California, USA.JPG"
484.34544929799836,0.5840442981510942,Reddish-brown axinite-(Fe) – 0,Universal_Detection,2025-08-16 09:29:04.969583,"Reddish-brown axinite-(Fe) – 0.52 ct – Baja, California, USA.JPG"
486.3283703716279,0.5297943686670867,Reddish-brown axinite-(Fe) – 0,Universal_Detection,2025-08-16 09:29:04.969583,"Reddish-brown axinite-(Fe) – 0.52 ct – Baja, California, USA.JPG"
488.31129144525744,0.44542121094916176,Reddish-brown axinite-(Fe) – 0,Universal_Detection,2025-08-16 09:29:04.969583,"Reddish-brown axinite-(Fe) – 0.52 ct – Baja, California, USA.JPG"
490.294212518887,0.33194959609162134,Reddish-brown axinite-(Fe) – 0,Universal_Detection,2025-08-16 09:29:04.969583,"Reddish-brown axinite-(Fe) – 0.52 ct – Baja, California, USA.JPG"
492.2771335925165,0.20004886495106314,Reddish-brown axinite-(Fe) – 0,Universal_Detection,2025-08-16 09:29:04.969583,"Reddish-brown axinite-(Fe) – 0.52 ct – Baja, California, USA.JPG"
494.260054666146,0.16615100956437745,Reddish-brown axinite-(Fe) – 0,Universal_Detection,2025-08-16 09:29:04.969583,"Reddish-brown axinite-(Fe) – 0.52 ct – Baja, California, USA.JPG"
496.24297573977555,0.1840901257513848,Reddish-brown axinite-(Fe) – 0,Universal_Detection,2025-08-16 09:29:04.969583,"Reddish-brown axinite-(Fe) – 0.52 ct – Baja, California, USA.JPG"
498.2258968134051,0.1905867487957042,Reddish-brown axinite-(Fe) – 0,Universal_Detection,2025-08-16 09:29:04.969583,"Reddish-brown axinite-(Fe) – 0.52 ct – Baja, California, USA.JPG"
500.20881788703457,0.2101095458006556,Reddish-brown axinite-(Fe) – 0,Universal_Detection,2025-08-16 09:29:04.969583,"Reddish-brown axinite-(Fe) – 0.52 ct – Baja, California, USA.JPG"
502.1917389606641,0.23757376498639163,Reddish-brown axinite-(Fe) – 0,Universal_Detection,2025-08-16 09:29:04.969583,"Reddish-brown axinite-(Fe) – 0.52 ct – Baja, California, USA.JPG"
504.17466003429365,0.2527877905462037,Reddish-brown axinite-(Fe) – 0,Universal_Detection,2025-08-16 09:29:04.969583,"Reddish-brown axinite-(Fe) – 0.52 ct – Baja, California, USA.JPG"
506.1575811079232,0.24415426152702527,Reddish-brown axinite-(Fe) – 0,Universal_Detection,2025-08-16 09:29:04.969583,"Reddish-brown axinite-(Fe) – 0.52 ct – Baja, California, USA.JPG"
508.14050218155273,0.21149347443961353,Reddish-brown axinite-(Fe) – 0,Universal_Detection,2025-08-16 09:29:04.969583,"Reddish-brown axinite-(Fe) – 0.52 ct – Baja, California, USA.JPG"
510.1234232551822,0.18312495747371071,Reddish-brown axinite-(Fe) – 0,Universal_Detection,2025-08-16 09:29:04.969583,"Reddish-brown axinite-(Fe) – 0.52 ct – Baja, California, USA.JPG"
512.1063443288117,0.16649063059557184,Reddish-brown axinite-(Fe) – 0,Universal_Detection,2025-08-16 09:29:04.969583,"Reddish-brown axinite-(Fe) – 0.52 ct – Baja, California, USA.JPG"
514.0892654024412,0.166291503373176,Reddish-brown axinite-(Fe) – 0,Universal_Detection,2025-08-16 09:29:04.969583,"Reddish-brown axinite-(Fe) – 0.52 ct – Baja, California, USA.JPG"
516.0721864760708,0.16912713071051833,Reddish-brown axinite-(Fe) – 0,Universal_Detection,2025-08-16 09:29:04.969583,"Reddish-brown axinite-(Fe) – 0.52 ct – Baja, California, USA.JPG"
518.0551075497003,0.1705645209214322,Reddish-brown axinite-(Fe) – 0,Universal_Detection,2025-08-16 09:29:04.969583,"Reddish-brown axinite-(Fe) – 0.52 ct – Baja, California, USA.JPG"
520.0380286233299,0.17223961416044514,Reddish-brown axinite-(Fe) – 0,Universal_Detection,2025-08-16 09:29:04.969583,"Reddish-brown axinite-(Fe) – 0.52 ct – Baja, California, USA.JPG"
522.0209496969594,0.1714656531009549,Reddish-brown axinite-(Fe) – 0,Universal_Detection,2025-08-16 09:29:04.969583,"Reddish-brown axinite-(Fe) – 0.52 ct – Baja, California, USA.JPG"
524.003870770589,0.17900461517407834,Reddish-brown axinite-(Fe) – 0,Universal_Detection,2025-08-16 09:29:04.969583,"Reddish-brown axinite-(Fe) – 0.52 ct – Baja, California, USA.JPG"
525.9867918442185,0.19824493667081927,Reddish-brown axinite-(Fe) – 0,Universal_Detection,2025-08-16 09:29:04.969583,"Reddish-brown axinite-(Fe) – 0.52 ct – Baja, California, USA.JPG"
527.969712917848,0.20659495656807178,Reddish-brown axinite-(Fe) – 0,Universal_Detection,2025-08-16 09:29:04.969583,"Reddish-brown axinite-(Fe) – 0.52 ct – Baja, California, USA.JPG"
529.9526339914775,0.2681738438454854,Reddish-brown axinite-(Fe) – 0,Universal_Detection,2025-08-16 09:29:04.969583,"Reddish-brown axinite-(Fe) – 0.52 ct – Baja, California, USA.JPG"
531.935555065107,0.3324027520124678,Reddish-brown axinite-(Fe) – 0,Universal_Detection,2025-08-16 09:29:04.969583,"Reddish-brown axinite-(Fe) – 0.52 ct – Baja, California, USA.JPG"
533.9184761387365,0.357050172581831,Reddish-brown axinite-(Fe) – 0,Universal_Detection,2025-08-16 09:29:04.969583,"Reddish-brown axinite-(Fe) – 0.52 ct – Baja, California, USA.JPG"
535.9013972123661,0.3339335353658148,Reddish-brown axinite-(Fe) – 0,Universal_Detection,2025-08-16 09:29:04.969583,"Reddish-brown axinite-(Fe) – 0.52 ct – Baja, California, USA.JPG"
537.8843182859956,0.2752613901348485,Reddish-brown axinite-(Fe) – 0,Universal_Detection,2025-08-16 09:29:04.969583,"Reddish-brown axinite-(Fe) – 0.52 ct – Baja, California, USA.JPG"
539.8672393596252,0.1910007878534804,Reddish-brown axinite-(Fe) – 0,Universal_Detection,2025-08-16 09:29:04.969583,"Reddish-brown axinite-(Fe) – 0.52 ct – Baja, California, USA.JPG"
541.8501604332546,0.16816753679180665,Reddish-brown axinite-(Fe) – 0,Universal_Detection,2025-08-16 09:29:04.969583,"Reddish-brown axinite-(Fe) – 0.52 ct – Baja, California, USA.JPG"
543.8330815068841,0.1706822631546839,Reddish-brown axinite-(Fe) – 0,Universal_Detection,2025-08-16 09:29:04.969583,"Reddish-brown axinite-(Fe) – 0.52 ct – Baja, California, USA.JPG"
545.8160025805137,0.1778161271996445,Reddish-brown axinite-(Fe) – 0,Universal_Detection,2025-08-16 09:29:04.969583,"Reddish-brown axinite-(Fe) – 0.52 ct – Baja, California, USA.JPG"
547.7989236541432,0.17726845942290478,Reddish-brown axinite-(Fe) – 0,Universal_Detection,2025-08-16 09:29:04.969583,"Reddish-brown axinite-(Fe) – 0.52 ct – Baja, California, USA.JPG"
549.7818447277728,0.17495846139583998,Reddish-brown axinite-(Fe) – 0,Universal_Detection,2025-08-16 09:29:04.969583,"Reddish-brown axinite-(Fe) – 0.52 ct – Baja, California, USA.JPG"
551.7647658014023,0.17176064255882578,Reddish-brown axinite-(Fe) – 0,Universal_Detection,2025-08-16 09:29:04.969583,"Reddish-brown axinite-(Fe) – 0.52 ct – Baja, California, USA.JPG"
553.7476868750318,0.16856781548540167,Reddish-brown axinite-(Fe) – 0,Universal_Detection,2025-08-16 09:29:04.969583,"Reddish-brown axinite-(Fe) – 0.52 ct – Baja, California, USA.JPG"
555.7306079486614,0.16660474502784703,Reddish-brown axinite-(Fe) – 0,Universal_Detection,2025-08-16 09:29:04.969583,"Reddish-brown axinite-(Fe) – 0.52 ct – Baja, California, USA.JPG"
557.7135290222909,0.16493226652214335,Reddish-brown axinite-(Fe) – 0,Universal_Detection,2025-08-16 09:29:04.969583,"Reddish-brown axinite-(Fe) – 0.52 ct – Baja, California, USA.JPG"
559.6964500959205,0.1632496856377455,Reddish-brown axinite-(Fe) – 0,Universal_Detection,2025-08-16 09:29:04.969583,"Reddish-brown axinite-(Fe) – 0.52 ct – Baja, California, USA.JPG"
561.6793711695499,0.16192960187119843,Reddish-brown axinite-(Fe) – 0,Universal_Detection,2025-08-16 09:29:04.969583,"Reddish-brown axinite-(Fe) – 0.52 ct – Baja, California, USA.JPG"
563.6622922431794,0.16025534059278404,Reddish-brown axinite-(Fe) – 0,Universal_Detection,2025-08-16 09:29:04.969583,"Reddish-brown axinite-(Fe) – 0.52 ct – Baja, California, USA.JPG"
565.645213316809,0.158899363668994,Reddish-brown axinite-(Fe) – 0,Universal_Detection,2025-08-16 09:29:04.969583,"Reddish-brown axinite-(Fe) – 0.52 ct – Baja, California, USA.JPG"
567.6281343904385,0.15759912810529314,Reddish-brown axinite-(Fe) – 0,Universal_Detection,2025-08-16 09:29:04.969583,"Reddish-brown axinite-(Fe) – 0.52 ct – Baja, California, USA.JPG"
569.611055464068,0.15646469040369118,Reddish-brown axinite-(Fe) – 0,Universal_Detection,2025-08-16 09:29:04.969583,"Reddish-brown axinite-(Fe) – 0.52 ct – Baja, California, USA.JPG"
571.5939765376976,0.15482596572797758,Reddish-brown axinite-(Fe) – 0,Universal_Detection,2025-08-16 09:29:04.969583,"Reddish-brown axinite-(Fe) – 0.52 ct – Baja, California, USA.JPG"
573.576897611327,0.1534460996498636,Reddish-brown axinite-(Fe) – 0,Universal_Detection,2025-08-16 09:29:04.969583,"Reddish-brown axinite-(Fe) – 0.52 ct – Baja, California, USA.JPG"
575.5598186849566,0.15180927659837476,Reddish-brown axinite-(Fe) – 0,Universal_Detection,2025-08-16 09:29:04.969583,"Reddish-brown axinite-(Fe) – 0.52 ct – Baja, California, USA.JPG"
577.5427397585861,0.1503882878963997,Reddish-brown axinite-(Fe) – 0,Universal_Detection,2025-08-16 09:29:04.969583,"Reddish-brown axinite-(Fe) – 0.52 ct – Baja, California, USA.JPG"
579.5256608322156,0.14915128133817318,Reddish-brown axinite-(Fe) – 0,Universal_Detection,2025-08-16 09:29:04.969583,"Reddish-brown axinite-(Fe) – 0.52 ct – Baja, California, USA.JPG"
581.5085819058452,0.1479988970579498,Reddish-brown axinite-(Fe) – 0,Universal_Detection,2025-08-16 09:29:04.969583,"Reddish-brown axinite-(Fe) – 0.52 ct – Baja, California, USA.JPG"
583.4915029794747,0.1464942368900839,Reddish-brown axinite-(Fe) – 0,Universal_Detection,2025-08-16 09:29:04.969583,"Reddish-brown axinite-(Fe) – 0.52 ct – Baja, California, USA.JPG"
585.4744240531043,0.1456637025099064,Reddish-brown axinite-(Fe) – 0,Universal_Detection,2025-08-16 09:29:04.969583,"Reddish-brown axinite-(Fe) – 0.52 ct – Baja, California, USA.JPG"
587.4573451267338,0.14484529098416193,Reddish-brown axinite-(Fe) – 0,Universal_Detection,2025-08-16 09:29:04.969583,"Reddish-brown axinite-(Fe) – 0.52 ct – Baja, California, USA.JPG"
589.4402662003633,0.14400073212532663,Reddish-brown axinite-(Fe) – 0,Universal_Detection,2025-08-16 09:29:04.969583,"Reddish-brown axinite-(Fe) – 0.52 ct – Baja, California, USA.JPG"
591.4231872739929,0.1430363709403295,Reddish-brown axinite-(Fe) – 0,Universal_Detection,2025-08-16 09:29:04.969583,"Reddish-brown axinite-(Fe) – 0.52 ct – Baja, California, USA.JPG"
593.4061083476223,0.14160753803842718,Reddish-brown axinite-(Fe) – 0,Universal_Detection,2025-08-16 09:29:04.969583,"Reddish-brown axinite-(Fe) – 0.52 ct – Baja, California, USA.JPG"
595.3890294212518,0.14031633518979414,Reddish-brown axinite-(Fe) – 0,Universal_Detection,2025-08-16 09:29:04.969583,"Reddish-brown axinite-(Fe) – 0.52 ct – Baja, California, USA.JPG"
597.3719504948814,0.1390132471897561,Reddish-brown axinite-(Fe) – 0,Universal_Detection,2025-08-16 09:29:04.969583,"Reddish-brown axinite-(Fe) – 0.52 ct – Baja, California, USA.JPG"
599.3548715685109,0.13759035686355625,Reddish-brown axinite-(Fe) – 0,Universal_Detection,2025-08-16 09:29:04.969583,"Reddish-brown axinite-(Fe) – 0.52 ct – Baja, California, USA.JPG"
601.3377926421405,0.13675483071978872,Reddish-brown axinite-(Fe) – 0,Universal_Detection,2025-08-16 09:29:04.969583,"Reddish-brown axinite-(Fe) – 0.52 ct – Baja, California, USA.JPG"
603.32071371577,0.13580829726189897,Reddish-brown axinite-(Fe) – 0,Universal_Detection,2025-08-16 09:29:04.969583,"Reddish-brown axinite-(Fe) – 0.52 ct – Baja, California, USA.JPG"
605.3036347893994,0.13452517631622124,Reddish-brown axinite-(Fe) – 0,Universal_Detection,2025-08-16 09:29:04.969583,"Reddish-brown axinite-(Fe) – 0.52 ct – Baja, California, USA.JPG"
607.286555863029,0.13325845687948235,Reddish-brown axinite-(Fe) – 0,Universal_Detection,2025-08-16 09:29:04.969583,"Reddish-brown axinite-(Fe) – 0.52 ct – Baja, California, USA.JPG"
609.2694769366585,0.13143598776304827,Reddish-brown axinite-(Fe) – 0,Universal_Detection,2025-08-16 09:29:04.969583,"Reddish-brown axinite-(Fe) – 0.52 ct – Baja, California, USA.JPG"
611.2523980102881,0.12966105925223395,Reddish-brown axinite-(Fe) – 0,Universal_Detection,2025-08-16 09:29:04.969583,"Reddish-brown axinite-(Fe) – 0.52 ct – Baja, California, USA.JPG"
613.2353190839176,0.12845162624526688,Reddish-brown axinite-(Fe) – 0,Universal_Detection,2025-08-16 09:29:04.969583,"Reddish-brown axinite-(Fe) – 0.52 ct – Baja, California, USA.JPG"
615.2182401575471,0.1269645561014803,Reddish-brown axinite-(Fe) – 0,Universal_Detection,2025-08-16 09:29:04.969583,"Reddish-brown axinite-(Fe) – 0.52 ct – Baja, California, USA.JPG"
617.2011612311767,0.12490129381758205,Reddish-brown axinite-(Fe) – 0,Universal_Detection,2025-08-16 09:29:04.969583,"Reddish-brown axinite-(Fe) – 0.52 ct – Baja, California, USA.JPG"
619.1840823048062,0.12264073802036174,Reddish-brown axinite-(Fe) – 0,Universal_Detection,2025-08-16 09:29:04.969583,"Reddish-brown axinite-(Fe) – 0.52 ct – Baja, California, USA.JPG"
621.1670033784358,0.12018455263101607,Reddish-brown axinite-(Fe) – 0,Universal_Detection,2025-08-16 09:29:04.969583,"Reddish-brown axinite-(Fe) – 0.52 ct – Baja, California, USA.JPG"
623.1499244520653,0.11746713161378976,Reddish-brown axinite-(Fe) – 0,Universal_Detection,2025-08-16 09:29:04.969583,"Reddish-brown axinite-(Fe) – 0.52 ct – Baja, California, USA.JPG"
625.1328455256947,0.11516735481693316,Reddish-brown axinite-(Fe) – 0,Universal_Detection,2025-08-16 09:29:04.969583,"Reddish-brown axinite-(Fe) – 0.52 ct – Baja, California, USA.JPG"
627.1157665993243,0.11294502959006544,Reddish-brown axinite-(Fe) – 0,Universal_Detection,2025-08-16 09:29:04.969583,"Reddish-brown axinite-(Fe) – 0.52 ct – Baja, California, USA.JPG"
629.0986876729538,0.11059327506439781,Reddish-brown axinite-(Fe) – 0,Universal_Detection,2025-08-16 09:29:04.969583,"Reddish-brown axinite-(Fe) – 0.52 ct – Baja, California, USA.JPG"
631.0816087465834,0.10840731840082916,Reddish-brown axinite-(Fe) – 0,Universal_Detection,2025-08-16 09:29:04.969583,"Reddish-brown axinite-(Fe) – 0.52 ct – Baja, California, USA.JPG"
633.0645298202129,0.10599578156359474,Reddish-brown axinite-(Fe) – 0,Universal_Detection,2025-08-16 09:29:04.969583,"Reddish-brown axinite-(Fe) – 0.52 ct – Baja, California, USA.JPG"
635.0474508938424,0.103489638921177,Reddish-brown axinite-(Fe) – 0,Universal_Detection,2025-08-16 09:29:04.969583,"Reddish-brown axinite-(Fe) – 0.52 ct – Baja, California, USA.JPG"
637.0303719674719,0.10125138759142667,Reddish-brown axinite-(Fe) – 0,Universal_Detection,2025-08-16 09:29:04.969583,"Reddish-brown axinite-(Fe) – 0.52 ct – Baja, California, USA.JPG"
639.0132930411014,0.09916776208145466,Reddish-brown axinite-(Fe) – 0,Universal_Detection,2025-08-16 09:29:04.969583,"Reddish-brown axinite-(Fe) – 0.52 ct – Baja, California, USA.JPG"
640.996214114731,0.0967788070318896,Reddish-brown axinite-(Fe) – 0,Universal_Detection,2025-08-16 09:29:04.969583,"Reddish-brown axinite-(Fe) – 0.52 ct – Baja, California, USA.JPG"
642.9791351883605,0.09436025795532618,Reddish-brown axinite-(Fe) – 0,Universal_Detection,2025-08-16 09:29:04.969583,"Reddish-brown axinite-(Fe) – 0.52 ct – Baja, California, USA.JPG"
644.96205626199,0.09147905955173971,Reddish-brown axinite-(Fe) – 0,Universal_Detection,2025-08-16 09:29:04.969583,"Reddish-brown axinite-(Fe) – 0.52 ct – Baja, California, USA.JPG"
646.9449773356196,0.08896249759325692,Reddish-brown axinite-(Fe) – 0,Universal_Detection,2025-08-16 09:29:04.969583,"Reddish-brown axinite-(Fe) – 0.52 ct – Baja, California, USA.JPG"
648.9278984092491,0.08655004956108142,Reddish-brown axinite-(Fe) – 0,Universal_Detection,2025-08-16 09:29:04.969583,"Reddish-brown axinite-(Fe) – 0.52 ct – Baja, California, USA.JPG"
650.9108194828787,0.08443045165952372,Reddish-brown axinite-(Fe) – 0,Universal_Detection,2025-08-16 09:29:04.969583,"Reddish-brown axinite-(Fe) – 0.52 ct – Baja, California, USA.JPG"
652.8937405565082,0.08248722940481545,Reddish-brown axinite-(Fe) – 0,Universal_Detection,2025-08-16 09:29:04.969583,"Reddish-brown axinite-(Fe) – 0.52 ct – Baja, California, USA.JPG"
654.8766616301377,0.08055993325298977,Reddish-brown axinite-(Fe) – 0,Universal_Detection,2025-08-16 09:29:04.969583,"Reddish-brown axinite-(Fe) – 0.52 ct – Baja, California, USA.JPG"
656.8595827037672,0.07849524475092295,Reddish-brown axinite-(Fe) – 0,Universal_Detection,2025-08-16 09:29:04.969583,"Reddish-brown axinite-(Fe) – 0.52 ct – Baja, California, USA.JPG"
658.8425037773967,0.07677617645171189,Reddish-brown axinite-(Fe) – 0,Universal_Detection,2025-08-16 09:29:04.969583,"Reddish-brown axinite-(Fe) – 0.52 ct – Baja, California, USA.JPG"
660.8254248510262,0.07469960279824016,Reddish-brown axinite-(Fe) – 0,Universal_Detection,2025-08-16 09:29:04.969583,"Reddish-brown axinite-(Fe) – 0.52 ct – Baja, California, USA.JPG"
662.8083459246558,0.07266676650193862,Reddish-brown axinite-(Fe) – 0,Universal_Detection,2025-08-16 09:29:04.969583,"Reddish-brown axinite-(Fe) – 0.52 ct – Baja, California, USA.JPG"
664.7912669982852,0.0708007977313625,Reddish-brown axinite-(Fe) – 0,Universal_Detection,2025-08-16 09:29:04.969583,"Reddish-brown axinite-(Fe) – 0.52 ct – Baja, California, USA.JPG"
666.7741880719148,0.06897404996042261,Reddish-brown axinite-(Fe) – 0,Universal_Detection,2025-08-16 09:29:04.969583,"Reddish-brown axinite-(Fe) – 0.52 ct – Baja, California, USA.JPG"
668.7571091455443,0.06737763642371056,Reddish-brown axinite-(Fe) – 0,Universal_Detection,2025-08-16 09:29:04.969583,"Reddish-brown axinite-(Fe) – 0.52 ct – Baja, California, USA.JPG"
670.7400302191738,0.0657294036268729,Reddish-brown axinite-(Fe) – 0,Universal_Detection,2025-08-16 09:29:04.969583,"Reddish-brown axinite-(Fe) – 0.52 ct – Baja, California, USA.JPG"
672.7229512928034,0.06410399032073277,Reddish-brown axinite-(Fe) – 0,Universal_Detection,2025-08-16 09:29:04.969583,"Reddish-brown axinite-(Fe) – 0.52 ct – Baja, California, USA.JPG"
674.7058723664329,0.062359012391458954,Reddish-brown axinite-(Fe) – 0,Universal_Detection,2025-08-16 09:29:04.969583,"Reddish-brown axinite-(Fe) – 0.52 ct – Baja, California, USA.JPG"
676.6887934400625,0.06074572193975185,Reddish-brown axinite-(Fe) – 0,Universal_Detection,2025-08-16 09:29:04.969583,"Reddish-brown axinite-(Fe) – 0.52 ct – Baja, California, USA.JPG"
678.671714513692,0.05924724205061655,Reddish-brown axinite-(Fe) – 0,Universal_Detection,2025-08-16 09:29:04.969583,"Reddish-brown axinite-(Fe) – 0.52 ct – Baja, California, USA.JPG"
680.6546355873215,0.05795603920198346,Reddish-brown axinite-(Fe) – 0,Universal_Detection,2025-08-16 09:29:04.969583,"Reddish-brown axinite-(Fe) – 0.52 ct – Baja, California, USA.JPG"
682.6375566609511,0.05634869132597885,Reddish-brown axinite-(Fe) – 0,Universal_Detection,2025-08-16 09:29:04.969583,"Reddish-brown axinite-(Fe) – 0.52 ct – Baja, California, USA.JPG"
684.6204777345806,0.05502421005341192,Reddish-brown axinite-(Fe) – 0,Universal_Detection,2025-08-16 09:29:04.969583,"Reddish-brown axinite-(Fe) – 0.52 ct – Baja, California, USA.JPG"
686.6033988082102,0.05345014060134118,Reddish-brown axinite-(Fe) – 0,Universal_Detection,2025-08-16 09:29:04.969583,"Reddish-brown axinite-(Fe) – 0.52 ct – Baja, California, USA.JPG"
688.5863198818396,0.05195023449403728,Reddish-brown axinite-(Fe) – 0,Universal_Detection,2025-08-16 09:29:04.969583,"Reddish-brown axinite-(Fe) – 0.52 ct – Baja, California, USA.JPG"
690.5692409554691,0.050764809492908215,Reddish-brown axinite-(Fe) – 0,Universal_Detection,2025-08-16 09:29:04.969583,"Reddish-brown axinite-(Fe) – 0.52 ct – Baja, California, USA.JPG"
692.5521620290987,0.04944351344091779,Reddish-brown axinite-(Fe) – 0,Universal_Detection,2025-08-16 09:29:04.969583,"Reddish-brown axinite-(Fe) – 0.52 ct – Baja, California, USA.JPG"
694.5350831027282,0.048250054077438945,Reddish-brown axinite-(Fe) – 0,Universal_Detection,2025-08-16 09:29:04.969583,"Reddish-brown axinite-(Fe) – 0.52 ct – Baja, California, USA.JPG"
696.5180041763576,0.047177870798896154,Reddish-brown axinite-(Fe) – 0,Universal_Detection,2025-08-16 09:29:04.969583,"Reddish-brown axinite-(Fe) – 0.52 ct – Baja, California, USA.JPG"
698.5009252499872,0.04592232340447791,Reddish-brown axinite-(Fe) – 0,Universal_Detection,2025-08-16 09:29:04.969583,"Reddish-brown axinite-(Fe) – 0.52 ct – Baja, California, USA.JPG"
700.4838463236167,0.04414016872160942,Reddish-brown axinite-(Fe) – 0,Universal_Detection,2025-08-16 09:29:04.969583,"Reddish-brown axinite-(Fe) – 0.52 ct – Baja, California, USA.JPG"
702.4667673972463,0.0427589239659325,Reddish-brown axinite-(Fe) – 0,Universal_Detection,2025-08-16 09:29:04.969583,"Reddish-brown axinite-(Fe) – 0.52 ct – Baja, California, USA.JPG"
704.4496884708758,0.041206437948813096,Reddish-brown axinite-(Fe) – 0,Universal_Detection,2025-08-16 09:29:04.969583,"Reddish-brown axinite-(Fe) – 0.52 ct – Baja, California, USA.JPG"
706.4326095445053,0.03981982110470109,Reddish-brown axinite-(Fe) – 0,Universal_Detection,2025-08-16 09:29:04.969583,"Reddish-brown axinite-(Fe) – 0.52 ct – Baja, California, USA.JPG"
708.4155306181349,0.038936706814708136,Reddish-brown axinite-(Fe) – 0,Universal_Detection,2025-08-16 09:29:04.969583,"Reddish-brown axinite-(Fe) – 0.52 ct – Baja, California, USA.JPG"
710.3984516917644,0.037887961054735894,Reddish-brown axinite-(Fe) – 0,Universal_Detection,2025-08-16 09:29:04.969583,"Reddish-brown axinite-(Fe) – 0.52 ct – Baja, California, USA.JPG"
712.381372765394,0.036520930940139265,Reddish-brown axinite-(Fe) – 0,Universal_Detection,2025-08-16 09:29:04.969583,"Reddish-brown axinite-(Fe) – 0.52 ct – Baja, California, USA.JPG"
714.3642938390235,0.03549191453149922,Reddish-brown axinite-(Fe) – 0,Universal_Detection,2025-08-16 09:29:04.969583,"Reddish-brown axinite-(Fe) – 0.52 ct – Baja, California, USA.JPG"
716.347214912653,0.03424135890067103,Reddish-brown axinite-(Fe) – 0,Universal_Detection,2025-08-16 09:29:04.969583,"Reddish-brown axinite-(Fe) – 0.52 ct – Baja, California, USA.JPG"
718.3301359862826,0.03290665639789586,Reddish-brown axinite-(Fe) – 0,Universal_Detection,2025-08-16 09:29:04.969583,"Reddish-brown axinite-(Fe) – 0.52 ct – Baja, California, USA.JPG"
720.313057059912,0.032157654156356325,Reddish-brown axinite-(Fe) – 0,Universal_Detection,2025-08-16 09:29:04.969583,"Reddish-brown axinite-(Fe) – 0.52 ct – Baja, California, USA.JPG"
722.2959781335416,0.03118283403812287,Reddish-brown axinite-(Fe) – 0,Universal_Detection,2025-08-16 09:29:04.969583,"Reddish-brown axinite-(Fe) – 0.52 ct – Baja, California, USA.JPG"
724.2788992071711,0.030245095592272807,Reddish-brown axinite-(Fe) – 0,Universal_Detection,2025-08-16 09:29:04.969583,"Reddish-brown axinite-(Fe) – 0.52 ct – Baja, California, USA.JPG"
726.2618202808006,0.029716681760809036,Reddish-brown axinite-(Fe) – 0,Universal_Detection,2025-08-16 09:29:04.969583,"Reddish-brown axinite-(Fe) – 0.52 ct – Baja, California, USA.JPG"
728.2447413544301,0.028422388772810676,Reddish-brown axinite-(Fe) – 0,Universal_Detection,2025-08-16 09:29:04.969583,"Reddish-brown axinite-(Fe) – 0.52 ct – Baja, California, USA.JPG"
730.2276624280596,0.027297340340818703,Reddish-brown axinite-(Fe) – 0,Universal_Detection,2025-08-16 09:29:04.969583,"Reddish-brown axinite-(Fe) – 0.52 ct – Baja, California, USA.JPG"
732.2105835016891,0.026203906411563848,Reddish-brown axinite-(Fe) – 0,Universal_Detection,2025-08-16 09:29:04.969583,"Reddish-brown axinite-(Fe) – 0.52 ct – Baja, California, USA.JPG"
734.1935045753187,0.02483117142429281,Reddish-brown axinite-(Fe) – 0,Universal_Detection,2025-08-16 09:29:04.969583,"Reddish-brown axinite-(Fe) – 0.52 ct – Baja, California, USA.JPG"
736.1764256489482,0.023709926240750346,Reddish-brown axinite-(Fe) – 0,Universal_Detection,2025-08-16 09:29:04.969583,"Reddish-brown axinite-(Fe) – 0.52 ct – Baja, California, USA.JPG"
738.1593467225778,0.022972096041531456,Reddish-brown axinite-(Fe) – 0,Universal_Detection,2025-08-16 09:29:04.969583,"Reddish-brown axinite-(Fe) – 0.52 ct – Baja, California, USA.JPG"
740.1422677962073,0.02172272892584378,Reddish-brown axinite-(Fe) – 0,Universal_Detection,2025-08-16 09:29:04.969583,"Reddish-brown axinite-(Fe) – 0.52 ct – Baja, California, USA.JPG"
742.1251888698368,0.020896948606228313,Reddish-brown axinite-(Fe) – 0,Universal_Detection,2025-08-16 09:29:04.969583,"Reddish-brown axinite-(Fe) – 0.52 ct – Baja, California, USA.JPG"
744.1081099434664,0.02007687315928722,Reddish-brown axinite-(Fe) – 0,Universal_Detection,2025-08-16 09:29:04.969583,"Reddish-brown axinite-(Fe) – 0.52 ct – Baja, California, USA.JPG"
746.0910310170959,0.01882750604359954,Reddish-brown axinite-(Fe) – 0,Universal_Detection,2025-08-16 09:29:04.969583,"Reddish-brown axinite-(Fe) – 0.52 ct – Baja, California, USA.JPG"
748.0739520907255,0.017941824560903118,Reddish-brown axinite-(Fe) – 0,Universal_Detection,2025-08-16 09:29:04.969583,"Reddish-brown axinite-(Fe) – 0.52 ct – Baja, California, USA.JPG"
750.056873164355,0.01718165027704292,Reddish-brown axinite-(Fe) – 0,Universal_Detection,2025-08-16 09:29:04.969583,"Reddish-brown axinite-(Fe) – 0.52 ct – Baja, California, USA.JPG"
752.0397942379844,0.015932283161355226,Reddish-brown axinite-(Fe) – 0,Universal_Detection,2025-08-16 09:29:04.969583,"Reddish-brown axinite-(Fe) – 0.52 ct – Baja, California, USA.JPG"
754.022715311614,0.014905406079968077,Reddish-brown axinite-(Fe) – 0,Universal_Detection,2025-08-16 09:29:04.969583,"Reddish-brown axinite-(Fe) – 0.52 ct – Baja, California, USA.JPG"
756.0056363852435,0.0141987149774301,Reddish-brown axinite-(Fe) – 0,Universal_Detection,2025-08-16 09:29:04.969583,"Reddish-brown axinite-(Fe) – 0.52 ct – Baja, California, USA.JPG"
757.9885574588731,0.013595424692115155,Reddish-brown axinite-(Fe) – 0,Universal_Detection,2025-08-16 09:29:04.969583,"Reddish-brown axinite-(Fe) – 0.52 ct – Baja, California, USA.JPG"
759.9714785325025,0.012883741825987133,Reddish-brown axinite-(Fe) – 0,Universal_Detection,2025-08-16 09:29:04.969583,"Reddish-brown axinite-(Fe) – 0.52 ct – Baja, California, USA.JPG"
761.954399606132,0.012176575317393017,Reddish-brown axinite-(Fe) – 0,Universal_Detection,2025-08-16 09:29:04.969583,"Reddish-brown axinite-(Fe) – 0.52 ct – Baja, California, USA.JPG"
763.9373206797616,0.011218869817182672,Reddish-brown axinite-(Fe) – 0,Universal_Detection,2025-08-16 09:29:04.969583,"Reddish-brown axinite-(Fe) – 0.52 ct – Baja, California, USA.JPG"
765.9202417533911,0.010620095889401616,Reddish-brown axinite-(Fe) – 0,Universal_Detection,2025-08-16 09:29:04.969583,"Reddish-brown axinite-(Fe) – 0.52 ct – Baja, California, USA.JPG"
767.9031628270207,0.010309180328648259,Reddish-brown axinite-(Fe) – 0,Universal_Detection,2025-08-16 09:29:04.969583,"Reddish-brown axinite-(Fe) – 0.52 ct – Baja, California, USA.JPG"
769.8860839006502,0.009879175550817382,Reddish-brown axinite-(Fe) – 0,Universal_Detection,2025-08-16 09:29:04.969583,"Reddish-brown axinite-(Fe) – 0.52 ct – Baja, California, USA.JPG"
771.8690049742797,0.008955223880597041,Reddish-brown axinite-(Fe) – 0,Universal_Detection,2025-08-16 09:29:04.969583,"Reddish-brown axinite-(Fe) – 0.52 ct – Baja, California, USA.JPG"
773.8519260479093,0.008031272210376706,Reddish-brown axinite-(Fe) – 0,Universal_Detection,2025-08-16 09:29:04.969583,"Reddish-brown axinite-(Fe) – 0.52 ct – Baja, California, USA.JPG"
775.8348471215388,0.0073916133617626355,Reddish-brown axinite-(Fe) – 0,Universal_Detection,2025-08-16 09:29:04.969583,"Reddish-brown axinite-(Fe) – 0.52 ct – Baja, California, USA.JPG"
777.8177681951684,0.007464112785332799,Reddish-brown axinite-(Fe) – 0,Universal_Detection,2025-08-16 09:29:04.969583,"Reddish-brown axinite-(Fe) – 0.52 ct – Baja, California, USA.JPG"
779.8006892687979,0.0075316204453128935,Reddish-brown axinite-(Fe) – 0,Universal_Detection,2025-08-16 09:29:04.969583,"Reddish-brown axinite-(Fe) – 0.52 ct – Baja, California, USA.JPG"
781.7836103424274,0.006889822269445936,Reddish-brown axinite-(Fe) – 0,Universal_Detection,2025-08-16 09:29:04.969583,"Reddish-brown axinite-(Fe) – 0.52 ct – Baja, California, USA.JPG"
783.7665314160569,0.0059651574901413065,Reddish-brown axinite-(Fe) – 0,Universal_Detection,2025-08-16 09:29:04.969583,"Reddish-brown axinite-(Fe) – 0.52 ct – Baja, California, USA.JPG"
785.7494524896864,0.005041918929005261,Reddish-brown axinite-(Fe) – 0,Universal_Detection,2025-08-16 09:29:04.969583,"Reddish-brown axinite-(Fe) – 0.52 ct – Baja, California, USA.JPG"
787.732373563316,0.00440439940764406,Reddish-brown axinite-(Fe) – 0,Universal_Detection,2025-08-16 09:29:04.969583,"Reddish-brown axinite-(Fe) – 0.52 ct – Baja, California, USA.JPG"
789.7152946369454,0.004336891747663959,Reddish-brown axinite-(Fe) – 0,Universal_Detection,2025-08-16 09:29:04.969583,"Reddish-brown axinite-(Fe) – 0.52 ct – Baja, California, USA.JPG"
791.6982157105749,0.0044776119402985025,Reddish-brown axinite-(Fe) – 0,Universal_Detection,2025-08-16 09:29:04.969583,"Reddish-brown axinite-(Fe) – 0.52 ct – Baja, California, USA.JPG"
793.6811367842045,0.0044776119402985025,Reddish-brown axinite-(Fe) – 0,Universal_Detection,2025-08-16 09:29:04.969583,"Reddish-brown axinite-(Fe) – 0.52 ct – Baja, California, USA.JPG"
795.664057857834,0.0045612834061892985,Reddish-brown axinite-(Fe) – 0,Universal_Detection,2025-08-16 09:29:04.969583,"Reddish-brown axinite-(Fe) – 0.52 ct – Baja, California, USA.JPG"
797.6469789314635,0.004494251152265432,Reddish-brown axinite-(Fe) – 0,Universal_Detection,2025-08-16 09:29:04.969583,"Reddish-brown axinite-(Fe) – 0.52 ct – Baja, California, USA.JPG"
799.6299000050931,0.0041555243372245546,Reddish-brown axinite-(Fe) – 0,Universal_Detection,2025-08-16 09:29:04.969583,"Reddish-brown axinite-(Fe) – 0.52 ct – Baja, California, USA.JPG"
801.6128210787226,0.003687249371869786,Reddish-brown axinite-(Fe) – 0,Universal_Detection,2025-08-16 09:29:04.969583,"Reddish-brown axinite-(Fe) – 0.52 ct – Baja, California, USA.JPG"
803.5957421523522,0.0032315726670042516,Reddish-brown axinite-(Fe) – 0,Universal_Detection,2025-08-16 09:29:04.969583,"Reddish-brown axinite-(Fe) – 0.52 ct – Baja, California, USA.JPG"
805.5786632259817,0.002930640633431074,Reddish-brown axinite-(Fe) – 0,Universal_Detection,2025-08-16 09:29:04.969583,"Reddish-brown axinite-(Fe) – 0.52 ct – Baja, California, USA.JPG"
807.5615842996112,0.0028828623247831925,Reddish-brown axinite-(Fe) – 0,Universal_Detection,2025-08-16 09:29:04.969583,"Reddish-brown axinite-(Fe) – 0.52 ct – Baja, California, USA.JPG"
809.5445053732408,0.0029085342518178586,Reddish-brown axinite-(Fe) – 0,Universal_Detection,2025-08-16 09:29:04.969583,"Reddish-brown axinite-(Fe) – 0.52 ct – Baja, California, USA.JPG"
811.5274264468703,0.0031873599037778207,Reddish-brown axinite-(Fe) – 0,Universal_Detection,2025-08-16 09:29:04.969583,"Reddish-brown axinite-(Fe) – 0.52 ct – Baja, California, USA.JPG"
813.5103475204997,0.0036356678147722835,Reddish-brown axinite-(Fe) – 0,Universal_Detection,2025-08-16 09:29:04.969583,"Reddish-brown axinite-(Fe) – 0.52 ct – Baja, California, USA.JPG"
815.4932685941293,0.004111311573998124,Reddish-brown axinite-(Fe) – 0,Universal_Detection,2025-08-16 09:29:04.969583,"Reddish-brown axinite-(Fe) – 0.52 ct – Baja, California, USA.JPG"
817.4761896677588,0.004472144770652217,Reddish-brown axinite-(Fe) – 0,Universal_Detection,2025-08-16 09:29:04.969583,"Reddish-brown axinite-(Fe) – 0.52 ct – Baja, California, USA.JPG"
819.4591107413884,0.004568414497032326,Reddish-brown axinite-(Fe) – 0,Universal_Detection,2025-08-16 09:29:04.969583,"Reddish-brown axinite-(Fe) – 0.52 ct – Baja, California, USA.JPG"
821.4420318150178,0.004204728864040918,Reddish-brown axinite-(Fe) – 0,Universal_Detection,2025-08-16 09:29:04.969583,"Reddish-brown axinite-(Fe) – 0.52 ct – Baja, California, USA.JPG"
823.4249528886473,0.004642577841798978,Reddish-brown axinite-(Fe) – 0,Universal_Detection,2025-08-16 09:29:04.969583,"Reddish-brown axinite-(Fe) – 0.52 ct – Baja, California, USA.JPG"
825.4078739622769,0.005499259555067309,Reddish-brown axinite-(Fe) – 0,Universal_Detection,2025-08-16 09:29:04.969583,"Reddish-brown axinite-(Fe) – 0.52 ct – Baja, California, USA.JPG"
827.3907950359064,0.006206188360633395,Reddish-brown axinite-(Fe) – 0,Universal_Detection,2025-08-16 09:29:04.969583,"Reddish-brown axinite-(Fe) – 0.52 ct – Baja, California, USA.JPG"
829.373716109536,0.007474096312512881,Reddish-brown axinite-(Fe) – 0,Universal_Detection,2025-08-16 09:29:04.969583,"Reddish-brown axinite-(Fe) – 0.52 ct – Baja, California, USA.JPG"
831.3566371831655,0.008450104945887004,Reddish-brown axinite-(Fe) – 0,Universal_Detection,2025-08-16 09:29:04.969583,"Reddish-brown axinite-(Fe) – 0.52 ct – Baja, California, USA.JPG"
833.339558256795,0.009594882729211135,Reddish-brown axinite-(Fe) – 0,Universal_Detection,2025-08-16 09:29:04.969583,"Reddish-brown axinite-(Fe) – 0.52 ct – Baja, California, USA.JPG"
835.3224793304246,0.01101634683724239,Reddish-brown axinite-(Fe) – 0,Universal_Detection,2025-08-16 09:29:04.969583,"Reddish-brown axinite-(Fe) – 0.52 ct – Baja, California, USA.JPG"
837.3054004040541,0.012692153185339432,Reddish-brown axinite-(Fe) – 0,Universal_Detection,2025-08-16 09:29:04.969583,"Reddish-brown axinite-(Fe) – 0.52 ct – Baja, California, USA.JPG"
839.2883214776837,0.014259566952623422,Reddish-brown axinite-(Fe) – 0,Universal_Detection,2025-08-16 09:29:04.969583,"Reddish-brown axinite-(Fe) – 0.52 ct – Baja, California, USA.JPG"
841.2712425513132,0.016081322959973228,Reddish-brown axinite-(Fe) – 0,Universal_Detection,2025-08-16 09:29:04.969583,"Reddish-brown axinite-(Fe) – 0.52 ct – Baja, California, USA.JPG"
843.2541636249427,0.017730981974979437,Reddish-brown axinite-(Fe) – 0,Universal_Detection,2025-08-16 09:29:04.969583,"Reddish-brown axinite-(Fe) – 0.52 ct – Baja, California, USA.JPG"
845.2370846985722,0.02022686377001761,Reddish-brown axinite-(Fe) – 0,Universal_Detection,2025-08-16 09:29:04.969583,"Reddish-brown axinite-(Fe) – 0.52 ct – Baja, California, USA.JPG"
847.2200057722017,0.02234527315643479,Reddish-brown axinite-(Fe) – 0,Universal_Detection,2025-08-16 09:29:04.969583,"Reddish-brown axinite-(Fe) – 0.52 ct – Baja, California, USA.JPG"
849.2029268458313,0.024453461312643646,Reddish-brown axinite-(Fe) – 0,Universal_Detection,2025-08-16 09:29:04.969583,"Reddish-brown axinite-(Fe) – 0.52 ct – Baja, California, USA.JPG"
851.1858479194608,0.026940548095642138,Reddish-brown axinite-(Fe) – 0,Universal_Detection,2025-08-16 09:29:04.969583,"Reddish-brown axinite-(Fe) – 0.52 ct – Baja, California, USA.JPG"
853.1687689930902,0.029715730948696496,Reddish-brown axinite-(Fe) – 0,Universal_Detection,2025-08-16 09:29:04.969583,"Reddish-brown axinite-(Fe) – 0.52 ct – Baja, California, USA.JPG"
855.1516900667198,0.03304642577841796,Reddish-brown axinite-(Fe) – 0,Universal_Detection,2025-08-16 09:29:04.969583,"Reddish-brown axinite-(Fe) – 0.52 ct – Baja, California, USA.JPG"
857.1346111403493,0.03698136170556669,Reddish-brown axinite-(Fe) – 0,Universal_Detection,2025-08-16 09:29:04.969583,"Reddish-brown axinite-(Fe) – 0.52 ct – Baja, California, USA.JPG"
859.1175322139788,0.040548333345218485,Reddish-brown axinite-(Fe) – 0,Universal_Detection,2025-08-16 09:29:04.969583,"Reddish-brown axinite-(Fe) – 0.52 ct – Baja, California, USA.JPG"
861.1004532876084,0.043597112383614606,Reddish-brown axinite-(Fe) – 0,Universal_Detection,2025-08-16 09:29:04.969583,"Reddish-brown axinite-(Fe) – 0.52 ct – Baja, California, USA.JPG"
863.0833743612379,0.04719593622903159,Reddish-brown axinite-(Fe) – 0,Universal_Detection,2025-08-16 09:29:04.969583,"Reddish-brown axinite-(Fe) – 0.52 ct – Baja, California, USA.JPG"
865.0662954348675,0.051591540624636015,Reddish-brown axinite-(Fe) – 0,Universal_Detection,2025-08-16 09:29:04.969583,"Reddish-brown axinite-(Fe) – 0.52 ct – Baja, California, USA.JPG"
867.049216508497,0.056110750594851946,Reddish-brown axinite-(Fe) – 0,Universal_Detection,2025-08-16 09:29:04.969583,"Reddish-brown axinite-(Fe) – 0.52 ct – Baja, California, USA.JPG"
869.0321375821266,0.06049684686933242,Reddish-brown axinite-(Fe) – 0,Universal_Detection,2025-08-16 09:29:04.969583,"Reddish-brown axinite-(Fe) – 0.52 ct – Baja, California, USA.JPG"
871.0150586557561,0.06453993767426623,Reddish-brown axinite-(Fe) – 0,Universal_Detection,2025-08-16 09:29:04.969583,"Reddish-brown axinite-(Fe) – 0.52 ct – Baja, California, USA.JPG"
872.9979797293856,0.0688625672402442,Reddish-brown axinite-(Fe) – 0,Universal_Detection,2025-08-16 09:29:04.969583,"Reddish-brown axinite-(Fe) – 0.52 ct – Baja, California, USA.JPG"
874.9809008030152,0.0744730718124618,Reddish-brown axinite-(Fe) – 0,Universal_Detection,2025-08-16 09:29:04.969583,"Reddish-brown axinite-(Fe) – 0.52 ct – Baja, California, USA.JPG"
876.9638218766446,0.08095856123111142,Reddish-brown axinite-(Fe) – 0,Universal_Detection,2025-08-16 09:29:04.969583,"Reddish-brown axinite-(Fe) – 0.52 ct – Baja, California, USA.JPG"
878.9467429502741,0.0881331517282197,Reddish-brown axinite-(Fe) – 0,Universal_Detection,2025-08-16 09:29:04.969583,"Reddish-brown axinite-(Fe) – 0.52 ct – Baja, California, USA.JPG"
880.9296640239037,0.09545678202394606,Reddish-brown axinite-(Fe) – 0,Universal_Detection,2025-08-16 09:29:04.969583,"Reddish-brown axinite-(Fe) – 0.52 ct – Baja, California, USA.JPG"
882.9125850975332,0.10229787517263166,Reddish-brown axinite-(Fe) – 0,Universal_Detection,2025-08-16 09:29:04.969583,"Reddish-brown axinite-(Fe) – 0.52 ct – Baja, California, USA.JPG"
884.8955061711627,0.10880047920930445,Reddish-brown axinite-(Fe) – 0,Universal_Detection,2025-08-16 09:29:04.969583,"Reddish-brown axinite-(Fe) – 0.52 ct – Baja, California, USA.JPG"
886.8784272447922,0.11578419417484928,Reddish-brown axinite-(Fe) – 0,Universal_Detection,2025-08-16 09:29:04.969583,"Reddish-brown axinite-(Fe) – 0.52 ct – Baja, California, USA.JPG"
888.8613483184217,0.12314657006415582,Reddish-brown axinite-(Fe) – 0,Universal_Detection,2025-08-16 09:29:04.969583,"Reddish-brown axinite-(Fe) – 0.52 ct – Baja, California, USA.JPG"
890.8442693920513,0.13155864252554694,Reddish-brown axinite-(Fe) – 0,Universal_Detection,2025-08-16 09:29:04.969583,"Reddish-brown axinite-(Fe) – 0.52 ct – Baja, California, USA.JPG"
892.8271904656808,0.14054999726641512,Reddish-brown axinite-(Fe) – 0,Universal_Detection,2025-08-16 09:29:04.969583,"Reddish-brown axinite-(Fe) – 0.52 ct – Baja, California, USA.JPG"
894.8101115393104,0.14923828064645717,Reddish-brown axinite-(Fe) – 0,Universal_Detection,2025-08-16 09:29:04.969583,"Reddish-brown axinite-(Fe) – 0.52 ct – Baja, California, USA.JPG"
896.7930326129399,0.15804422702540827,Reddish-brown axinite-(Fe) – 0,Universal_Detection,2025-08-16 09:29:04.969583,"Reddish-brown axinite-(Fe) – 0.52 ct – Baja, California, USA.JPG"
898.7759536865694,0.16851124216471425,Reddish-brown axinite-(Fe) – 0,Universal_Detection,2025-08-16 09:29:04.969583,"Reddish-brown axinite-(Fe) – 0.52 ct – Baja, California, USA.JPG"
900.758874760199,0.18025662418913607,Reddish-brown axinite-(Fe) – 0,Universal_Detection,2025-08-16 09:29:04.969583,"Reddish-brown axinite-(Fe) – 0.52 ct – Baja, California, USA.JPG"
902.7417958338285,0.19281542597571202,Reddish-brown axinite-(Fe) – 0,Universal_Detection,2025-08-16 09:29:04.969583,"Reddish-brown axinite-(Fe) – 0.52 ct – Baja, California, USA.JPG"
904.7247169074581,0.20544506326466144,Reddish-brown axinite-(Fe) – 0,Universal_Detection,2025-08-16 09:29:04.969583,"Reddish-brown axinite-(Fe) – 0.52 ct – Baja, California, USA.JPG"
906.7076379810876,0.21690139840691447,Reddish-brown axinite-(Fe) – 0,Universal_Detection,2025-08-16 09:29:04.969583,"Reddish-brown axinite-(Fe) – 0.52 ct – Baja, California, USA.JPG"
908.690559054717,0.22848870791765044,Reddish-brown axinite-(Fe) – 0,Universal_Detection,2025-08-16 09:29:04.969583,"Reddish-brown axinite-(Fe) – 0.52 ct – Baja, California, USA.JPG"
910.6734801283466,0.24184785579983492,Reddish-brown axinite-(Fe) – 0,Universal_Detection,2025-08-16 09:29:04.969583,"Reddish-brown axinite-(Fe) – 0.52 ct – Baja, California, USA.JPG"
912.6564012019761,0.25615092240660037,Reddish-brown axinite-(Fe) – 0,Universal_Detection,2025-08-16 09:29:04.969583,"Reddish-brown axinite-(Fe) – 0.52 ct – Baja, California, USA.JPG"
914.6393222756055,0.2711421392797119,Reddish-brown axinite-(Fe) – 0,Universal_Detection,2025-08-16 09:29:04.969583,"Reddish-brown axinite-(Fe) – 0.52 ct – Baja, California, USA.JPG"
916.6222433492351,0.28625292077595743,Reddish-brown axinite-(Fe) – 0,Universal_Detection,2025-08-16 09:29:04.969583,"Reddish-brown axinite-(Fe) – 0.52 ct – Baja, California, USA.JPG"
918.6051644228646,0.30048016011675927,Reddish-brown axinite-(Fe) – 0,Universal_Detection,2025-08-16 09:29:04.969583,"Reddish-brown axinite-(Fe) – 0.52 ct – Baja, California, USA.JPG"
920.5880854964942,0.31494510248566054,Reddish-brown axinite-(Fe) – 0,Universal_Detection,2025-08-16 09:29:04.969583,"Reddish-brown axinite-(Fe) – 0.52 ct – Baja, California, USA.JPG"
922.5710065701237,0.33032092285823617,Reddish-brown axinite-(Fe) – 0,Universal_Detection,2025-08-16 09:29:04.969583,"Reddish-brown axinite-(Fe) – 0.52 ct – Baja, California, USA.JPG"
924.5539276437532,0.34587692212611093,Reddish-brown axinite-(Fe) – 0,Universal_Detection,2025-08-16 09:29:04.969583,"Reddish-brown axinite-(Fe) – 0.52 ct – Baja, California, USA.JPG"
926.5368487173828,0.36136588914006185,Reddish-brown axinite-(Fe) – 0,Universal_Detection,2025-08-16 09:29:04.969583,"Reddish-brown axinite-(Fe) – 0.52 ct – Baja, California, USA.JPG"
928.5197697910123,0.37655178479318674,Reddish-brown axinite-(Fe) – 0,Universal_Detection,2025-08-16 09:29:04.969583,"Reddish-brown axinite-(Fe) – 0.52 ct – Baja, California, USA.JPG"
930.5026908646419,0.39108090697967435,Reddish-brown axinite-(Fe) – 0,Universal_Detection,2025-08-16 09:29:04.969583,"Reddish-brown axinite-(Fe) – 0.52 ct – Baja, California, USA.JPG"
932.4856119382714,0.40681803595496047,Reddish-brown axinite-(Fe) – 0,Universal_Detection,2025-08-16 09:29:04.969583,"Reddish-brown axinite-(Fe) – 0.52 ct – Baja, California, USA.JPG"
934.468533011901,0.4252307502145275,Reddish-brown axinite-(Fe) – 0,Universal_Detection,2025-08-16 09:29:04.969583,"Reddish-brown axinite-(Fe) – 0.52 ct – Baja, California, USA.JPG"
936.4514540855305,0.4453551639794348,Reddish-brown axinite-(Fe) – 0,Universal_Detection,2025-08-16 09:29:04.969583,"Reddish-brown axinite-(Fe) – 0.52 ct – Baja, California, USA.JPG"
938.43437515916,0.4657032562937827,Reddish-brown axinite-(Fe) – 0,Universal_Detection,2025-08-16 09:29:04.969583,"Reddish-brown axinite-(Fe) – 0.52 ct – Baja, California, USA.JPG"
940.4172962327896,0.4846786136208593,Reddish-brown axinite-(Fe) – 0,Universal_Detection,2025-08-16 09:29:04.969583,"Reddish-brown axinite-(Fe) – 0.52 ct – Baja, California, USA.JPG"
942.4002173064189,0.5012398589945635,Reddish-brown axinite-(Fe) – 0,Universal_Detection,2025-08-16 09:29:04.969583,"Reddish-brown axinite-(Fe) – 0.52 ct – Baja, California, USA.JPG"
944.3831383800484,0.5175194262799707,Reddish-brown axinite-(Fe) – 0,Universal_Detection,2025-08-16 09:29:04.969583,"Reddish-brown axinite-(Fe) – 0.52 ct – Baja, California, USA.JPG"
946.366059453678,0.5355784384337263,Reddish-brown axinite-(Fe) – 0,Universal_Detection,2025-08-16 09:29:04.969583,"Reddish-brown axinite-(Fe) – 0.52 ct – Baja, California, USA.JPG"
948.3489805273075,0.554566394021293,Reddish-brown axinite-(Fe) – 0,Universal_Detection,2025-08-16 09:29:04.969583,"Reddish-brown axinite-(Fe) – 0.52 ct – Baja, California, USA.JPG"
950.331901600937,0.5739489366355037,Reddish-brown axinite-(Fe) – 0,Universal_Detection,2025-08-16 09:29:04.969583,"Reddish-brown axinite-(Fe) – 0.52 ct – Baja, California, USA.JPG"
952.3148226745666,0.593285840268319,Reddish-brown axinite-(Fe) – 0,Universal_Detection,2025-08-16 09:29:04.969583,"Reddish-brown axinite-(Fe) – 0.52 ct – Baja, California, USA.JPG"
954.2977437481961,0.6117755703089901,Reddish-brown axinite-(Fe) – 0,Universal_Detection,2025-08-16 09:29:04.969583,"Reddish-brown axinite-(Fe) – 0.52 ct – Baja, California, USA.JPG"
956.2806648218257,0.6316518221125618,Reddish-brown axinite-(Fe) – 0,Universal_Detection,2025-08-16 09:29:04.969583,"Reddish-brown axinite-(Fe) – 0.52 ct – Baja, California, USA.JPG"
958.2635858954552,0.6549046454302782,Reddish-brown axinite-(Fe) – 0,Universal_Detection,2025-08-16 09:29:04.969583,"Reddish-brown axinite-(Fe) – 0.52 ct – Baja, California, USA.JPG"
960.2465069690847,0.6791886244838876,Reddish-brown axinite-(Fe) – 0,Universal_Detection,2025-08-16 09:29:04.969583,"Reddish-brown axinite-(Fe) – 0.52 ct – Baja, California, USA.JPG"
962.2294280427143,0.702929452118291,Reddish-brown axinite-(Fe) – 0,Universal_Detection,2025-08-16 09:29:04.969583,"Reddish-brown axinite-(Fe) – 0.52 ct – Baja, California, USA.JPG"
964.2123491163438,0.7251325788639227,Reddish-brown axinite-(Fe) – 0,Universal_Detection,2025-08-16 09:29:04.969583,"Reddish-brown axinite-(Fe) – 0.52 ct – Baja, California, USA.JPG"
966.1952701899734,0.7439584209863257,Reddish-brown axinite-(Fe) – 0,Universal_Detection,2025-08-16 09:29:04.969583,"Reddish-brown axinite-(Fe) – 0.52 ct – Baja, California, USA.JPG"
968.1781912636029,0.7618049266329614,Reddish-brown axinite-(Fe) – 0,Universal_Detection,2025-08-16 09:29:04.969583,"Reddish-brown axinite-(Fe) – 0.52 ct – Baja, California, USA.JPG"
970.1611123372325,0.7817836284416437,Reddish-brown axinite-(Fe) – 0,Universal_Detection,2025-08-16 09:29:04.969583,"Reddish-brown axinite-(Fe) – 0.52 ct – Baja, California, USA.JPG"
972.144033410862,0.8026152087151444,Reddish-brown axinite-(Fe) – 0,Universal_Detection,2025-08-16 09:29:04.969583,"Reddish-brown axinite-(Fe) – 0.52 ct – Baja, California, USA.JPG"
974.1269544844913,0.8237310818102511,Reddish-brown axinite-(Fe) – 0,Universal_Detection,2025-08-16 09:29:04.969583,"Reddish-brown axinite-(Fe) – 0.52 ct – Baja, California, USA.JPG"
976.1098755581208,0.844704808494555,Reddish-brown axinite-(Fe) – 0,Universal_Detection,2025-08-16 09:29:04.969583,"Reddish-brown axinite-(Fe) – 0.52 ct – Baja, California, USA.JPG"
978.0927966317504,0.863728419536336,Reddish-brown axinite-(Fe) – 0,Universal_Detection,2025-08-16 09:29:04.969583,"Reddish-brown axinite-(Fe) – 0.52 ct – Baja, California, USA.JPG"
980.0757177053799,0.8821813056076521,Reddish-brown axinite-(Fe) – 0,Universal_Detection,2025-08-16 09:29:04.969583,"Reddish-brown axinite-(Fe) – 0.52 ct – Baja, California, USA.JPG"
982.0586387790095,0.9014183739686661,Reddish-brown axinite-(Fe) – 0,Universal_Detection,2025-08-16 09:29:04.969583,"Reddish-brown axinite-(Fe) – 0.52 ct – Baja, California, USA.JPG"
984.041559852639,0.9194783369345345,Reddish-brown axinite-(Fe) – 0,Universal_Detection,2025-08-16 09:29:04.969583,"Reddish-brown axinite-(Fe) – 0.52 ct – Baja, California, USA.JPG"
986.0244809262686,0.9355237667372649,Reddish-brown axinite-(Fe) – 0,Universal_Detection,2025-08-16 09:29:04.969583,"Reddish-brown axinite-(Fe) – 0.52 ct – Baja, California, USA.JPG"
988.0074019998981,0.9494013449237335,Reddish-brown axinite-(Fe) – 0,Universal_Detection,2025-08-16 09:29:04.969583,"Reddish-brown axinite-(Fe) – 0.52 ct – Baja, California, USA.JPG"
989.9903230735276,0.9612308738201021,Reddish-brown axinite-(Fe) – 0,Universal_Detection,2025-08-16 09:29:04.969583,"Reddish-brown axinite-(Fe) – 0.52 ct – Baja, California, USA.JPG"
991.9732441471572,0.9729171866420406,Reddish-brown axinite-(Fe) – 0,Universal_Detection,2025-08-16 09:29:04.969583,"Reddish-brown axinite-(Fe) – 0.52 ct – Baja, California, USA.JPG"
993.9561652207867,0.9837650020323611,Reddish-brown axinite-(Fe) – 0,Universal_Detection,2025-08-16 09:29:04.969583,"Reddish-brown axinite-(Fe) – 0.52 ct – Baja, California, USA.JPG"
995.9390862944163,0.9937743199910627,Reddish-brown axinite-(Fe) – 0,Universal_Detection,2025-08-16 09:29:04.969583,"Reddish-brown axinite-(Fe) – 0.52 ct – Baja, California, USA.JPG"
